ICO_Name,Red Flag Words
0chain,1.0
0penproductdb,
0x,3.0
0xcert,15.0
100tokens,3.0
108 token,20.0
12ships,0.0
1apayment,0.0
1kcoin,
1world,6.0
1worldblockchain,0.0
2100news ico,0.0
22x fund,76.0
27v,58.0
2key,50.0
300 token,
300cubits teu,2.0
3ccoin,48.0
3d-token,3.0
3dchain,3.0
3des,
4artechnologies (preico),1.0
4lions.pro,0.0
4new,14.0
777.bingo,4.0
7ype,49.0
8 circuit studios,3.0
88 coin,0.0
A2b taxi,10.0
A7 core,3.0
Aaa coin,14.0
Aamicoin,0.0
Aaramco,0.0
Ab-chain,9.0
Abab,
Abacasxchange,2.0
Abele (preico),28.0
Abjcoin,1.0
Abl,0.0
Able,9.0
Abr,
Aca network,0.0
Academia lingu (preico),0.0
Academy,7.0
Access network,3.0
Accord ico,22.0
Accounting blockchain,5.0
Acebusters,27.0
Aceso,0.0
Achievecoin,0.0
Acme network,
Acomobase,5.0
Acorn collective,15.0
Acred,6.0
Act,1.0
Action coin,0.0
Acudeen,10.0
Acuitty,26.0
Acumen,0.0
Acutecoin,20.0
Ad funnel,0.0
Adab solutions,2.0
Adamant messenger,5.0
Adbank,11.0
Adcircle,0.0
Addocoin,4.0
Adelphoi,
Adenium,7.0
Adex,3.0
Adhive,12.0
Aditus,24.0
Admine,13.0
Adpump,3.0
Adrealm,19.0
Adshares,1.0
Adsigma,5.0
Adtoken,7.0
Adultcam,4.0
Advanced browsing token,
Advanced miners,0.0
Aelf,0.0
Aen,23.0
Aenco (preico),8.0
Aergo,5.0
Aero token,13.0
Aeron,0.0
Aeropoisk,
Aeternity,9.0
Aeternum,6.0
Aeternum coin,3.0
Aeternum ico,6.0
Aether united,
Aexon,12.0
Affchain,0.0
Affiliatecoin,9.0
Africunia,9.0
Afterether,2.0
Afterschool,2.0
Agate,1.0
Age of dragons,11.0
Agent not needed,3.0
Agentmile,16.0
Agrecoin (acn),1.0
Agrello,20.0
Agricoin,0.0
Agrivita,6.0
Agrolot,4.0
Agrotechfarm (preico),17.0
Ahoolee,6.0
Ai crypto,15.0
Ai opinion,1.0
Aibb (preico),10.0
Aicoin,37.0
Aida,22.0
Aidcoin,0.0
Aigang,3.0
Aigatha,5.0
Aigcoin,0.0
Aigo,4.0
Aimedis,4.0
Aion,4.0
Airbloc,11.0
Airchain network,1.0
Aircoin,0.0
Airen,0.0
Airexe,1.0
Airforce mining,18.0
Airpod,10.0
Airstayz™,6.0
Airswap,0.0
Airtoken,18.0
Aisi coin,0.0
Aitheon,9.0
Aitrading,16.0
Akaiito,6.0
Akm global,10.0
Akrocoin,4.0
Akropolis,
Aktie social,0.0
Alax,1.0
Alchemy (preico),8.0
Alchemybyte,2.0
Aleef (preico),11.0
Alehub,19.0
Alethena,6.0
Alfa-enzo (preico),1.0
Alfatoken,5.0
Algebraix data,4.0
Algo.land,
Algorand,
Algory project,5.0
Alicoin cash,13.0
Aligatocoin,4.0
Alis,0.0
Alive casino,27.0
Alkebulancash (one africa cryptocurrency),0.0
All of art,
Allcare (preico),6.0
Allforminer,6.0
Alloy,1.0
Allpublicart,0.0
Allspark,10.0
Allsporter,0.0
Allstocks,11.0
Alluma.io,4.0
Alluxe (preico),15.0
Almbank,6.0
Alphacon,7.0
Alphamarket,7.0
Alphathereum,2.0
Alt.estate,20.0
Altair vr,2.0
Alteum,31.0
Altindex,23.0
Altocar,2.0
Altowl,
Alttex,4.0
Alttradex,4.0
Altumea,11.0
Alza,3.0
Ambit,15.0
Ambrosus,1.0
Amchart,0.0
Amicorum.live,11.0
Amlt,2.0
Ammbr,25.0
Amo coin,2.0
Amon,18.0
Amor,0.0
Amorito,0.0
Ample! coin,0.0
Anacoin,7.0
Angel token,13.0
Ankorus,3.0
Anna,
Anonhotels,0.0
Anonymous service chain,3.0
Anryze,
Antavira,1.0
Anti derivative,4.0
Antimass ico,4.0
Antiqmall,13.0
Anything app,12.0
Aphelion,25.0
Apis,8.0
Apo finance,0.0
Apollo dae,3.0
Apollo septem,2.0
Apollo18,7.0
Apollon,4.0
Apollox,23.0
Appay,2.0
Appcoins,4.0
Appics,8.0
Apres,0.0
Apx,0.0
Aqua,12.0
Aqua rights,2.0
Aqwire (preico),4.0
Aragon,0.0
Araw,2.0
Arbi,
Arbidex,0.0
Arbitrage crypto trader,17.0
Arc reserve currency,44.0
Arcade city,0.0
Arcadia,53.0
Arcallia,9.0
Arcblock,1.0
Archicoin,9.0
Arcona,0.0
Arcus (preico),0.0
Aref,11.0
Arena,1.0
Arevalor,3.0
Argo reality,0.0
Arianee,11.0
Arizn,9.0
Arkadia,29.0
Arker,0.0
Armchain,0.0
Armor ceramics,18.0
Armpack,2.0
Arna panacea,3.0
Arqute g.a.s.,15.0
Arrm,
Arround,11.0
Artchain global,2.0
Artemine,2.0
Artex,8.0
Artis turba,0.0
Artnoy,
Artpro,6.0
Artwook,25.0
Arweave,0.0
Asobi,16.0
Asset allocation token,
Asset token,1.0
Asseta,
Assetbase foundation,12.0
Assetereum,20.0
Assetron energy,15.0
Assistive reality arx,5.0
Asspace,0.0
Astorgame,12.0
Astoria (preico),0.0
Astral,0.0
Astral9,1.0
Astrcoin,
Astronaut,28.0
Asura coin,5.0
Atb coin,0.0
Atfs project,17.0
Athena,
Atlant,1.0
Atlantico network (preico),2.0
Atlas network,
Atmatrix,
Atmtoken,
Atn,7.0
Atomic network (preico),0.0
Atonomi,2.0
Atrix,0.0
Attention network,4.0
Attrace (preico),1.0
Auctus,45.0
Auditchain,4.0
Augmate,0.0
Augmentors,0.0
Augur,2.0
August927 (preico),0.0
Aurora,14.0
Aurora ecosystem,11.0
Aurum (preico),0.0
Authenticid,1.0
Authoreon,2.0
Authorship,2.0
Autobay (preico),3.0
Autoblock,5.0
Autonio,21.0
Autoria,
Autorize,18.0
Avago,0.0
Avalon,40.0
Avantgarde ratings,12.0
Avaqva,0.0
Avatar network,4.0
Avatara,14.0
Aventus,5.0
Avinoc,4.0
Awax,22.0
Aworker,0.0
Ax1,5.0
Axens,7.0
Axnet,0.0
Axpire,2.0
Axt,5.0
Axtrust,3.0
B-umbrella,2.0
B21,15.0
B2and,0.0
B2bx,0.0
Baanx.com,29.0
Baappay,0.0
Baappay,0.0
Baasid,6.0
Babb,1.0
Bace exchange,3.0
Back to earth,4.0
Backpack travel,6.0
Bactoalarm,14.0
Baikalika,7.0
Bailsman,12.0
Balehu bucks,11.0
Baltic.fund,4.0
Balticrypto,
Bamboo,3.0
Banana papa,4.0
Bananacoin,1.0
Banca,10.0
Banccoin,6.0
Bancor,11.0
Bandz,10.0
Bank of memories,0.0
Bank4you,4.0
Bankcoin,4.0
Bankera,2.0
Bankex,7.0
Bankorus,
Bannercoin,0.0
Bartvault,8.0
Basic attention,3.0
Basis neuro,1.0
Batt (preico),5.0
Battle ball,6.0
Battle of titans,0.0
Battledrome,
Bayan token,22.0
Bazista,3.0
Bbiller,9.0
Bcdiploma,0.0
Bcg,6.0
Bcharity - international charity exchange,6.0
Bcshop,6.0
Bdaq (preico),3.0
Bdcc,18.0
Beankh,4.0
Beat,8.0
Beatle,2.0
Beatrix (preico),5.0
Beautiq,6.0
Beaxy exchange,5.0
Beeasy,2.0
Beefcoin,53.0
Beemedics,0.0
Beepnow,0.0
Beeqb,0.0
Beercoin,2.0
Beesocials,3.0
Beeton dapp,10.0
Befund,11.0
Behaviourexchange,3.0
Beldex,0.0
Belotto,0.0
Beluga pay,0.0
Benchmark,64.0
Benjacoin,0.0
Beonbox,0.0
Beone,1.0
Berith,3.0
Bestmeta,4.0
Bet on chart (preico),11.0
Betboxai,9.0
Betex,14.0
Bethereum,14.0
Betking,
Betley,12.0
Betmaster,6.0
Betrium,12.0
Betstreak,5.0
Betterbetting,10.0
Bettingwin,12.0
Bettium,1.0
Beuthereum,
Beyond seen screen,8.0
Beyond the void,
Bezant,4.0
Bfex,5.0
Bftoken,1.0
Bgx,14.0
Bhom,3.0
Bibox,8.0
Bico,0.0
Bidipass,2.0
Bidooh,4.0
Big data block (preico),10.0
Big data coin,8.0
Big foundation,3.0
Big token,4.0
Bigbang (preico),0.0
Bigbom eco,6.0
Bilibit,0.0
Bill and go,
Billionaire token,2.0
Billpoker,3.0
Binance,2.0
Binary,115.0
Bineuro,13.0
Binex.trade,2.0
Binkd,6.0
Biocoin,6.0
Biofactorycoin,8.0
Biometrids,4.0
Bionic,0.0
Biopaycoin,
Bioritmai,0.0
Biotor biomass,8.0
Biotron.io,1.0
Birake,2.0
Birc,4.0
Birdchain,3.0
Bit-learn,3.0
Bit.game,1.0
Bit.team market place,0.0
Bitacium,7.0
Bitarq,2.0
Bitboost,2.0
Bitbose,17.0
Bitbounce,0.0
Bitcab ico,8.0
Bitcache,8.0
Bitcademy football,13.0
Bitcaptera,
Bitcar,9.0
Bitcheke,4.0
Bitchord,7.0
Bitclave,0.0
Bitcoen,2.0
Bitcoin ichip,2.0
Bitcoin quick,
Bitcoinage,4.0
Bitcoinus,8.0
Bitcomo,9.0
Bitconscious foundation,
Bitcqr,0.0
Bitcrystals,
Bitdegree,2.0
Bitdepositary (preico),11.0
Bitdice,22.0
Bitdouble,3.0
Bitdrive,10.0
Bitecoin network,5.0
Bitesprit,18.0
Bitether,0.0
Biteum,0.0
Bitex,2.0
Bitfence,1.0
Bitferry,0.0
Bitfinite,
Bitforex,0.0
Bitguild,0.0
Bithemoth,8.0
Bithercash,22.0
Bitheum,
Bithub,5.0
Bitimage,2.0
Bitindia,
Bitjob,0.0
Bitlab,
Bitlem network,10.0
Bitlumens (preico),0.0
Bitmag,0.0
Bitmart,0.0
Bitmillex,6.0
Bitminer factory,29.0
Bitminutes,3.0
Bitnation,3.0
Bitnatura,
Bitnautic,6.0
Bitnexa,2.0
Bitney (preico),
Bitnxt coin,0.0
Bitpaction,16.0
Bitpark coin,1.0
Bitplay,0.0
Bitplus network,10.0
Bitproperty,
Bitproperty,24.0
Bitquence,6.0
Bitrace,8.0
Bitrent,1.0
Bitrewards,13.0
Bitrust,6.0
Bits digit,5.0
Bitschool,2.0
Bitscreener,1.0
Bitsive exchange (preico),13.0
Bitsmo,2.0
Bitsoko,6.0
Bitsong,7.0
Bitstump,0.0
Bitsync,0.0
Bittech (preico),0.0
Bittellux,0.0
Bitto exchange,27.0
Bittwatt,2.0
Bitway,12.0
Bitwoex,6.0
Bitxoxo,0.0
Bityond,4.0
Bixtrim,1.0
Bizavest analytics platform,1.0
Bizshake,5.0
Black insurance,33.0
Blackbox foundation (preico),0.0
Blackfol.io,0.0
Blackmoon,6.0
Blaq,31.0
Blinked,2.0
Block collider,2.0
Block loan,5.0
Block sports,4.0
Block web,0.0
Block66,5.0
Blockarray,3.0
Blockbank,0.0
Blockbid,2.0
Blockbits,3.0
Blockcash,0.0
Blockcat,1.0
Blockchain capital,
Blockchain neural system,
Blockchain taxi,0.0
Blockchain technology research innovations corporation,51.0
Blockchain terminal,8.0
Blockchain traded fund,2.0
Blockchain.aero,0.0
Blockchain.io,4.0
Blockclick,1.0
Blockex,59.0
Blockfood,5.0
Blockgrain,7.0
Blockhive,24.0
Blockkonnect,0.0
Blocklancer,0.0
Blocklicense,0.0
Blockmason,6.0
Blockmesh,1.0
Blocknubie,9.0
Blockonomics,5.0
Blockpass,2.0
Blockpay,
Blockpit,25.0
Blockrx,
Blocksale,2.0
Blockscart,2.0
Blockshipping gscp,0.0
Blocksquare.io,5.0
Blockstack,2.0
Blocktix,2.0
Blockv,0.0
Blockvest (preico),5.0
Blocnation,7.0
Blocvehicle,7.0
Blok,0.0
Bloom,2.0
Bloomx,28.0
Bloomzed,18.0
Bloquid,12.0
Bloxia (preico),10.0
Blue one (preico),21.0
Blue whale,2.0
Bluegold,0.0
Blupass ico,1.0
Bluzelle,2.0
Bm tokens,3.0
Bmchain,1.0
Bmybit,2.0
Boatpilot,2.0
Bob's repair,10.0
Bodhi,4.0
Bolenum,0.0
Bolttcoin,5.0
Bonafi,4.0
Bond film platform,10.0
Bondkick syndicate,9.0
Bonpay,6.0
Bonum,0.0
Boomstarter.network,10.0
Boontech,12.0
Boosteroid,0.0
Boosto (preico),15.0
Bopti,12.0
Borneo,25.0
Botchain (preico),6.0
Botgaming,11.0
Bouncy,0.0
Bountie,3.0
Bounty angels,10.0
Bounty0x,4.0
Boutspro,0.0
Bowhead health,4.0
Box2table,0.0
Bpay,4.0
Bpc platform,7.0
Brainerz,6.0
Brat,0.0
Bravocoin,6.0
Bread,2.0
Brem,0.0
Brewer's сoin,
Bricbit,12.0
Brickblock,
Bridge protocol,7.0
Brikbit,7.0
Brisk pass,0.0
Brixby,13.0
Bronix,10.0
Browsers lab,0.0
Bryllite,21.0
Btcsearch,
Btcwall,19.0
Btu protocol,11.0
Bubbletone,5.0
Bubblo,3.0
Budbo,9.0
Buddtoken,0.0
Buddy (preico),4.0
Buff,3.0
Buglab,3.0
Buildcoin,0.0
Builderium (preico),0.0
Bulleon,22.0
Bulltoken,14.0
Bunnytoken,11.0
Buratinobs,1.0
Buron,0.0
Buying,9.0
Buzcoin,0.0
Buzzshow,4.0
Bwex,14.0
Bx.bet,12.0
Bytebet,4.0
Bytemine,59.0
Bytom,3.0
Bzx (preico),0.0
Börser (preico),0.0
C3c.network (preico),7.0
Cacao shares,2.0
Cache,2.0
Caerus connections,4.0
Cafecoin,6.0
Cajutel sarl,0.0
Callback plus,15.0
Caloriecoin,8.0
Camonroad,6.0
Camx,7.0
Canabio,3.0
Canlead,5.0
Cannabisfarm.io,9.0
Canya,3.0
Capdax,0.0
Capital (preico),0.0
Cappasity,0.0
Car token (preico),
Carats.io,3.0
Carblox,5.0
Carbon dollar x,1.0
Carboneum,30.0
Carco,3.0
Cardium,5.0
Cardstack,2.0
Careerxon,2.0
Careonchain (preico),0.0
Carex,3.0
Cargocoin,50.0
Cargoconx,9.0
Cargox,0.0
Carmel,0.0
Cartaxi,12.0
Cartel,1.0
Cartographeum,2.0
Carvdb,18.0
Carvertical,2.0
Casagram,
Cash poker pro,9.0
Cashaa,0.0
Cashbag,6.0
Cashbet,8.0
Casper api,3.0
Caviar,50.0
Cbdoken,1.0
Cca,
Ccore,3.0
Cederis,5.0
Cedex,13.0
Ceek,4.0
Celes chain (preico),0.0
Celestial coin,0.0
Cellblocks,14.0
Celsius,7.0
Centareum,4.0
Centaure,2.0
Centra,0.0
Certore,4.0
Ceyron,16.0
Cfighters,0.0
Cfrs,
Cfun,6.0
Cgcx,0.0
Chain id,2.0
Chain works (preico),18.0
Chainium,0.0
Chainlink,13.0
Chainrepublik,0.0
Chaintrade,16.0
Change bank,
Chanjinn,7.0
Charg coin,1.0
Charitize.click,
Charityspace,3.0
Chatello app,3.0
Checkcar,0.0
Checkitsreal,0.0
Chek,10.0
Chelle coin (preico),7.0
Cherepovets pipe-rolling plant,
Cherr.io,10.0
Chex,1.0
Chiliz,0.0
Chimaera,4.0
Chimaera,4.0
Choon,5.0
Chozun,2.0
Christ coins,0.0
Chrono logic,2.0
Chronobank,0.0
Chrysos,14.0
Chubex,0.0
Chynge.net,9.0
Ci chain,6.0
Cibus,5.0
Cindicator,6.0
Cindx,20.0
Cinemawell.com,4.0
Circle,
Circleflowstoken,3.0
Circles,4.0
Citicoin,0.0
Citizen health,7.0
Citowise,2.0
Civic,0.0
Clairety inc.,0.0
Clarity project,0.0
Clash&go,6.0
Classycoin,0.0
Clearaid,7.0
Clearpoll,2.0
Clears,1.0
Clearсost,3.0
Clickabletv,5.0
Clickauto,5.0
Clickgem,7.0
Clickle,1.0
Climatecoin,15.0
Clinicoin,6.0
Clintex,2.0
Cloudbric,2.0
Cloudfish,2.0
Cloudmoolah,7.0
Clout,
Cmbt,9.0
Coal coin (preico),0.0
Coal industry coin,0.0
Coalichain,6.0
Cobinhood,4.0
Cobol network,0.0
Code of talent,0.0
Codetract,2.0
Codex,0.0
Codset,0.0
Cofound.it,10.0
Coin analyst,15.0
Coin mine australia,
Coinadvisor,6.0
Coinanx,0.0
Coinbet,
Coincasino,3.0
Coincrowd,4.0
Coindaq,5.0
Coindash,2.0
Coindrive,2.0
Coinepic,0.0
Coinet,0.0
Coinfer,0.0
Coinfi,
Coingrid,5.0
Coinhealth,0.0
Coinjanitor,1.0
Coinjob,2.0
Coinlancer,1.0
Coinlion,0.0
Coinloan,6.0
Coinmarketalert,1.0
Coinmetro,24.0
Coinnec,5.0
Coinnup,5.0
Coinoil,0.0
Coinpennant,7.0
Coinplace,3.0
Coinpoker,5.0
Coinquiztador,0.0
Coinseason,13.0
Coinseed,14.0
Coinself,2.0
Coinstarter,7.0
Coinstocks,3.0
Coinsure blockchain,0.0
Cointed,6.0
Cointify,5.0
Cointour,0.0
Cointrade,5.0
Cointradebase,0.0
Coinus,4.0
Coinvest,
Collegecoin,8.0
Colu local network,4.0
Commerceblock,0.0
Commitgood,12.0
Compcoin,45.0
Comsa,0.0
Concertvr,3.0
Concierge.io,5.0
Conda,5.0
Confideal,2.0
Conn3x,5.0
Connect,0.0
Connect social,1.0
Connectius,
Connectjob,1.0
Connecty.io,10.0
Consensus,4.0
Consentium,0.0
Consolo,1.0
Constellation,2.0
Consulteth,
Conterium,5.0
Contractium.io,
Contractnet,2.0
Contractvault,3.0
Conventment,7.0
Cookup,1.0
Cool cousin,7.0
Cooocoin,4.0
Cooperative exchange,2.0
Copico,0.0
Coppay,10.0
Copy trader,8.0
Copytrack,6.0
Coral health,9.0
Coralex,
Corcom,3.0
Corex,23.0
Corion platform,4.0
Corl,23.0
Cornucopia.io,14.0
Corusblock,2.0
Cosmecoin,0.0
Cosmochain,6.0
Coss,4.0
Coti,12.0
Cotrader (preico),34.0
Cottagecoin,13.0
Countinghouse fund,56.0
Covalent coin,22.0
Cove identity,0.0
Covesting,57.0
Covex,0.0
Cpchain,3.0
Cpollo,6.0
Cprop,1.0
Craftr,0.0
Craider,15.0
Crassula,18.0
Crazy shapes,3.0
Crazybet,0.0
Creatanium,10.0
Creator.ai,13.0
Creditcoin,10.0
Creditor data platform,15.0
Credits,0.0
Credits,0.0
Cremit (preico),0.0
Crestonium,11.0
Criptohub,2.0
Cromhub,2.0
Cronuscoins,3.0
Crosshedge,72.0
Crowd crypto fund,
Crowd for angels,12.0
Crowd machine,4.0
Crowd-up,16.0
Crowdcoinage,5.0
Crowddrive,20.0
Crowdholding,4.0
Crowdif,3.0
Crowdnext,21.0
Crowdprecision,2.0
Crowdsharemining,80.0
Crowdstart capital,7.0
Crowdtoken,20.0
Crowdvilla,9.0
Crowdwiz,10.0
Crucoins,
Cruisebit,3.0
Crwd network,5.0
Crycash,10.0
Cryder,0.0
Cryocloud,6.0
Cryogen,8.0
Crypstock,1.0
Cryptaldash,0.0
Cryptassist,5.0
Cryptaur,8.0
Cryptectum,9.0
Crypterium,3.0
Crypterra,7.0
Cryptex network,
Cryptf,4.0
Cryptfunder,0.0
Cryptics (preico),25.0
Crypto angel,9.0
Crypto asset rating,10.0
Crypto cashback rebate,28.0
Crypto credit card,16.0
Crypto hunt game,7.0
Crypto improvement fund,3.0
Crypto trust network,4.0
Crypto.tickets,30.0
Crypto20,34.0
Cryptoabs,0.0
Cryptoads,11.0
Cryptoalias,7.0
Cryptoarb,0.0
Cryptobike,0.0
Cryptobite coin,0.0
Cryptobnb,6.0
Cryptocean (preico),23.0
Cryptochip,0.0
Cryptocopy,
Cryptocurve (preico),3.0
Cryptodime,
Cryptodruid,
Cryptofitnessclub,1.0
Cryptoflix,17.0
Cryptoforecast,0.0
Cryptofund,17.0
Cryptoglobal markets,1.0
Cryptohawk,8.0
Cryptohit,3.0
Cryptoisbn,3.0
Cryptokami,
Cryptoleaf (preico),8.0
Cryptolink network,13.0
Cryptoloans,0.0
Cryptomillionslotto,
Cryptomuseum,
Crypton,21.0
Crypton,69.0
Cryptonationz,62.0
Cryptonia poker,4.0
Cryptonod,0.0
Cryptonsgame (preico),0.0
Cryptopay,2.0
Cryptoping,4.0
Cryptopolice,12.0
Cryptopus,0.0
Cryptorevolution,1.0
Cryptoriya,0.0
Cryptorobotics,17.0
Cryptosoft,
Cryptosolartech,45.0
Cryptosouk,0.0
Cryptostarter,
Cryptotask,0.0
Cryptov8 (preico),0.0
Cryptovationx,44.0
Cryptoworld,7.0
Cryptoxpress,3.0
Cryptoya,10.0
Cryptoyacht,0.0
Cryptto,58.0
Cryptum,76.0
Cryptyk,17.0
Crypviser,1.0
Crystal clear,0.0
Crystals,4.0
Cryx,18.0
Csatoken,
Cubaaz,
Cube,0.0
Cube,
Cube chain,12.0
Cubomania,7.0
Cultural places,9.0
Curacoin,3.0
Curaizon,17.0
Cure cosplay,3.0
Currenexchange,0.0
Current,3.0
Custom deal (preico),6.0
Customcoin,
Cverification,3.0
Cvproof,0.0
Cyber capital invest,48.0
Cybercoinium,6.0
Cybermiles,4.0
Cybertrust,1.0
Cyberx,3.0
Cybit,1.0
Cyclean,12.0
Cycloshieldcoin,3.0
Cyo,15.0
Cypher,0.0
Cypherium,0.0
Cytecoin,0.0
Czero,0.0
D-zone,0.0
Dacc,19.0
Dacxi,11.0
Dadi,10.0
Daex,8.0
Dafzo ico,7.0
Dailycoin,4.0
Daneel,1.0
Dank signals,34.0
Dans,0.0
Dao playmarket 2.0,3.0
Dao.casino,5.0
Daostack,16.0
Daox,34.0
Dapcash (preico),2.0
Dapp builder,4.0
Darcmatter coin,4.0
Darcrus,0.0
Darenta,6.0
Darfchain,5.0
Darico,9.0
Daseron,3.0
Dashing,3.0
Dashlite,19.0
Data trading,17.0
Datablockchain,4.0
Databrokerdao,3.0
Dataeum,9.0
Datareum,1.0
Datarius,4.0
Datavlt,1.0
Datawallet,7.0
Dateat,2.0
Datecoin,5.0
Dating with benefits,1.0
Datum,3.0
Datx,13.0
Dav,2.0
Dawq,
Dax,3.0
Dbrain,6.0
Dcc,26.0
Dcentral capital,82.0
Dcoin,12.0
Dcx,10.0
Ddtoken,21.0
Dealbox,0.0
Debitum network,48.0
Decem (preico),6.0
Decent,7.0
Decentraland,1.0
Decentralend - just priority listing,0.0
Decentralized escrow,0.0
Decentralized id,7.0
Decentralized machine learning,4.0
Decentralized news network,8.0
Decibels,4.0
Deckswap,2.0
Decoin,16.0
Decoin (preico),25.0
Deedcoin,6.0
Deep aero,0.0
Deep gold,0.0
Deepbrain chain,17.0
Deeptoken,6.0
Deepwater treasure recovery,10.0
Deex,17.0
Defund project,14.0
Dehedge,6.0
Delicia (preico),4.0
Deliverers power token,8.0
Delphi systems,1.0
Delta (preico),1.0
Denar,2.0
Denaro,2.0
Denchmusic (preico),38.0
Dencity,0.0
Denet,8.0
Dent,0.0
Dentacoin,15.0
Dentalfix,4.0
Dentix,0.0
Depository network,1.0
Dermavir,14.0
Descrow,0.0
Desico,24.0
Deskbell chain,0.0
Destineed,
Destineyai,0.0
Desto,14.0
Destream,3.0
Dether,3.0
Developeo,3.0
Devery,1.0
Devnetwork,18.0
Dfinity,3.0
Dfs,2.0
Dharma,12.0
Diamond guard,1.0
Dibbs,42.0
Dice money,4.0
Dicegame,5.0
Dig coin,1.0
Digidex,0.0
Digipharm,6.0
Digipulse,1.0
Digit coin,4.0
Digital credit,0.0
Digital developers fund,16.0
Digital ticks,
Digiters network,0.0
Digitex,64.0
Digithoth,9.0
Digitize,1.0
Digixdao,11.0
Digmus,2.0
Dimcoin,0.0
Dimensions network,30.0
Dinerocoin,1.0
Dinnerful network,13.0
Dinngo,4.0
Dino,7.0
Directhome,11.0
Disciplina by teachmeplease,3.0
Discoveroo,0.0
Discoveryiot,18.0
Disledger,0.0
District0x,4.0
Districts,0.0
Ditry coin,2.0
Diveco logistics,2.0
Diw token,3.0
Dizcovery network,1.0
Dls academy,
Dmarket,5.0
Dnatix,5.0
Dnx community,0.0
Dobetacceptbet,27.0
Doc coin,
Doc.ai,3.0
Docademic,2.0
Dochain,0.0
Dock.io,6.0
Docnota,0.0
Doctailor,0.0
Doctor oss,0.0
Doctor smart,6.0
Documo,0.0
Doft,0.0
Dogezer,7.0
Dogracing,7.0
Dolecoin,
Dolos,15.0
Dolphinbi,15.0
Dome platform,0.0
Dominium,1.0
Domraider,18.0
Domuscoins,14.0
Dopameme,0.0
Dopamine,6.0
Dorado,1.0
Double land,
Dovu,8.0
Dox.network,3.0
Dplay.gg,0.0
Dprg,4.0
Drac,0.0
Dragon,2.0
Dragonchain,0.0
Dragonglass,4.0
Drcg,4.0
Dream (preico),8.0
Dream real,18.0
Dreambit,1.0
Dreamteam,3.0
Drep,0.0
Dresscode,4.0
Driiven,2.0
Drivero,6.0
Drivr network,0.0
Dropanswer,
Dropdeck,20.0
Dropil,58.0
Droplex,
Dst,33.0
Dstadia,10.0
Dubailancers token,2.0
Dubtokens,25.0
Ducatur,1.0
Dueltoken.io,1.0
Dusk network,22.0
Dutyof.care,4.0
Dxchain,0.0
Dylyver (preico),8.0
Dynatiq,0.0
Dyno,0.0
Dysnomia,0.0
E-chat,1.0
E-pocket,8.0
E4row,14.0
Eagle project,1.0
Earth token,2.0
Earthcycle,125.0
Earthmedz,0.0
Easyfast,
Easyguide,3.0
Easylife,35.0
Easymine,9.0
Eatmecoin,1.0
Ebcoin,17.0
Ebyte (preico),3.0
Echarge.work,3.0
Ecko coin,0.0
Eclipse,21.0
Eco-nan,3.0
Ecobit,0.0
Ecogreenhouse,5.0
Ecoinomic,6.0
Ecomi,4.0
Ecopole.farm,9.0
Ecos,0.0
Ecostart,9.0
Ecotoken blockchain,0.0
Ecoverse,10.0
Ecta,8.0
Ecx exchange,1.0
Eden,
Edenchain,10.0
Edgecoin,1.0
Edgeless,42.0
Educoin,6.0
Effect.ai,0.0
Efir,2.0
Egretia,0.0
Ehab,59.0
Eharvesthub,2.0
Ehealth first,30.0
Eho,1.0
Eidoo,0.0
Eiplatform,10.0
Eiracube,12.0
Ejacoin,27.0
Ekash,0.0
Ekkbaz,3.0
Ekspa,0.0
Elastos,2.0
Elbyte network,3.0
Elcoin,8.0
Electrify.asia,2.0
Electrominer,35.0
Electroneum,6.0
Elementh,0.0
Elepig,5.0
Elige.re,3.0
Eligma,19.0
Ellcrys,0.0
Elocations,4.0
Eloplay,1.0
Elpis,19.0
Elrond network,1.0
Elyqd,4.0
Elysian,0.0
Emanate,3.0
Emarketchain,12.0
Embermine,0.0
Embleema,1.0
Emi foundation,10.0
Eminent,4.0
Emiratecoin,8.0
Emmares,5.0
Emphy,5.0
Empire card,
Empleos.io,0.0
Empowr,28.0
Emrify health passport,3.0
Emu project,6.0
Emx (preico),27.0
Emyron coin,13.0
Encrypgen,2.0
Encryptotel,3.0
Endo protocol,0.0
Endor,9.0
Enecuum,4.0
Energi token,1.0
Energizium,1.0
Energy premier (preico),11.0
Enet network,0.0
Engagement token,6.0
Engamechain,5.0
Engraved,0.0
Engyo,7.0
Eniac network,0.0
Enigma catalyst,8.0
Enjin coin,1.0
Enjoy life,1.0
Enkidu,8.0
Enkronos,3.0
Enledger,5.0
Enlte,2.0
Enrgzine,0.0
Ens.bid,0.0
Entry,1.0
Envienta,10.0
Envion,51.0
Envoy,9.0
Enzym,5.0
Eon protocol,0.0
Eos,2.0
Eos auction,7.0
Ephelants360,32.0
Epigencare,2.0
Epiktoken,14.0
Epiphany,17.0
Epoch,1.0
Epocum,1.0
Epos,17.0
Epowchain ecosystem,
Epsilon,2.0
Eqi,
Equadex,0.0
Equi,62.0
Equi,62.0
Equibit group,6.0
Equitybase,60.0
Erachain,5.0
Eristica,1.0
Ern,10.0
Eroiy,10.0
Erotix,2.0
Erpcoin,0.0
Escapetoken,7.0
Esperantoken,3.0
Esports,0.0
Esr wallet,0.0
Essentia,0.0
Estate coin,16.0
Estatex,
Etainpower token ico,26.0
Etardis,12.0
Etcetera,3.0
Etch,1.0
Eterbank,5.0
Eterbase,4.0
Eternal trusts,13.0
Eth lottery,0.0
Eth travel,0.0
Ethace,25.0
Ethbet,19.0
Ethbits,21.0
Ethbooks,
Etheal,0.0
Ethearnal,10.0
Etheera,2.0
Ether legends,0.0
Etherace speculation platform,26.0
Ethercom,22.0
Etherecash,16.0
Ethereum high,5.0
Ethereum metal,1.0
Ethereum movie venture,
Ethereum slot machine,0.0
Ethereum sweepstakes,
Ethereum.link,
Etherflyer,2.0
Etherinc,6.0
Etherisc,77.0
Etheriya,0.0
Etherjack.io,14.0
Ethernal heroes,4.0
Ethernitymining,126.0
Etheroll,19.0
Etherparty,0.0
Ethersocial,41.0
Etherspin,8.0
Ethersport,1.0
Ethersportz,0.0
Etherty,56.0
Ethichub,7.0
Ethlend,0.0
Ethoasis,0.0
Ethorse,5.0
Eticket4,8.0
Eurocoinpay,0.0
European crypto bank,1.0
Eva,14.0
Evacoin,28.0
Evareium,18.0
Even,12.0
Eventchain,8.0
Eventjoin,
Eventrabbt,2.0
Everex,0.0
Everid,7.0
Everlife.ai,6.0
Evident proof,0.0
Evitan,
Evo,4.0
Evochain,0.0
Ewaiter,0.0
Exbitrade,5.0
Excalibur os,2.0
Exchain,
Exchange union,0.0
Excoins exchange,19.0
Exenium,8.0
Eximchain,4.0
Exmr,2.0
Exochain,6.0
Exocoin,0.0
Exolover,4.0
Expercoin,10.0
Experimental,
Experty,4.0
Explorio,5.0
Exscudo,1.0
Exsulcoin,10.0
Extoke,8.0
Extra credit,1.0
Extrabit,5.0
Extradecoin (preico),15.0
Extralovers,5.0
Extreme sportsbook,0.0
Eyeglob.net (preico),1.0
Ez exchange,2.0
Ezeebuy,2.0
Ezmarket,3.0
Ezpos,2.0
Faba invest,6.0
Fabric token,2.0
Facecoin,1.0
Faceter,5.0
Factr,2.0
Faima,3.0
Fair ninja,9.0
Fair.game,13.0
Fairgrounds,17.0
Fairwin,0.0
Familypoints,12.0
Fan controlled football league,2.0
Fan360 (preico),1.0
Fanfare,1.0
Fansunite,8.0
Fantom,1.0
Fapcoin,
Farad,2.0
Farmatrust,10.0
Fast access blockchain,5.0
Fast invest,5.0
Fatum,20.0
Faxport,16.0
Faythe.io,0.0
Feast coin,
Feedchain (preico),2.0
Femaletoken,
Fenix.cash,6.0
Fern (preico),1.0
Fiancia coin,4.0
Fic,0.0
Fic network,10.0
Fida,27.0
Fidcom,23.0
Fidelium,7.0
Fidentiax,18.0
Fiinu,28.0
Filecoin,4.0
Filipcoin,2.0
Filotech,5.0
Finamatrix,7.0
Find.exchange,14.0
Findafixr,0.0
Finecoin,0.0
Finix,0.0
Finom,26.0
Finshi capital,69.0
Fintab,5.0
Fintechfans,1.0
Fintechnics,2.0
Fintrux,11.0
Finx,5.0
Fire lotto,7.0
Firmo,1.0
First crypto etf,1.0
Firstblood,1.0
Fissacoin,1.0
Fit token,1.0
Fitrova,0.0
Fitvitalik,
Fivestarminingnetwork (preico),7.0
Fixy network,0.0
Fizcal,
Flashmoni,4.0
Flipnpik (preico),10.0
Flixxo,2.0
Flogmall,26.0
Fluence,0.0
Fluon,0.0
Flux token sale,3.0
Fluxorin,9.0
Fluzcoin (preico),20.0
Fluzfluz,6.0
Flycare,8.0
Flyp.me,0.0
Foam,4.0
Foam,4.0
Folio.ninja,18.0
Follex,7.0
Follow coin,18.0
Fondocoin,1.0
Foodcoin,3.0
Foodimus,3.0
Foodnation,27.0
Fop coin,2.0
Forecast,4.0
Foreground,1.0
Forest foundation,1.0
Foresting,28.0
Forever has fallen,5.0
Formosa financial,5.0
Fornicoin,10.0
Fortitude ranch,54.0
Fortknoxster,5.0
Fortuna,15.0
Fortunetoken,1.0
Forty seven bank,0.0
Fox trading,27.0
Foxcasino,
Fr8 network,5.0
Fractal token crowdsale,26.0
Frasindo,4.0
Free market token,8.0
Freed,29.0
Freedom streaming,2.0
Freestart (preico),9.0
Freezone,30.0
Freldo (preico),13.0
Fresco,19.0
Friend,4.0
Friendsfingers,4.0
Friendz,2.0
Frink,1.0
Froshfeel,0.0
Fruocoin,0.0
Ftcoin,2.0
Ftec,3.0
Ftv coin deluxe,0.0
Ftw,8.0
Fucktoken,0.0
Fueldapp,13.0
Fujinto,3.0
Fund platform,18.0
Fund yourself now,2.0
Fundaria,3.0
Funderstoken,0.0
Fundfantasy,16.0
Fundrequest,16.0
Funfair,2.0
Further network (preico),7.0
Fusion,14.0
Futourist,9.0
Future coin light,6.0
Futureworks token,4.0
Fuzex,0.0
Fxpay,11.0
Fysical,4.0
G-global,0.0
Gabro,11.0
Gagapay network,11.0
Gainz token,1.0
Galactikka,1.0
Galaxy esolutions,35.0
Galion.io,5.0
Galleon quest,24.0
Gamb,16.0
Gamblica,2.0
Game gold,0.0
Game machine,5.0
Game protocol,4.0
Game stars,15.0
Game.com,
Gamecoin,4.0
Gameflip - flip,1.0
Gamereward,4.0
Gamex,4.0
Gamico,4.0
Gaming stars (preico),6.0
Gamity,2.0
Gana,8.0
Gapro (preico),1.0
Garnet,47.0
Garuda energy,0.0
Gascompressorcoin,6.0
Gastery,0.0
Gastro advisor,1.0
Gatcoin,2.0
Gaus,8.0
Gawooni,0.0
Gazecoin,2.0
Gbx,8.0
Gdpr.cash,0.0
Gecko crypto1,5.0
Geeba,9.0
Geekzcode,19.0
Geens,4.0
Gelios,40.0
Gemera,5.0
Gems,3.0
Gemstra,4.0
Genaro,20.0
Geneos,9.0
Genesis,0.0
Genesis space,4.0
Genesis vision,7.0
Genesis world,4.0
Genevieve gx,20.0
Genevieve vc,3.0
Genexi,4.0
Genieico,20.0
Genuine fashion,2.0
Geofunders,2.0
Geomanna (preico),0.0
Germoney,1.0
Gese (preico),10.0
Get do it,5.0
Getline,29.0
Gfc,11.0
Ggrocket,0.0
Ggx,0.0
Gidcoin (preico),9.0
Gif by socifi,8.0
Gifcoin,5.0
Gift token,
Giftcoin,15.0
Gifto,1.0
Giftz.io,5.0
Gig9,0.0
Giga watt,8.0
Gigecoin,11.0
Gigtricks,0.0
Gilgam,2.0
Gilgamesh platform,6.0
Gimli,5.0
Gimmer,15.0
Ginex,15.0
Git money,
Givacoin,6.0
Gizer,0.0
Gl token,1.0
Gladage,3.0
Gladius,1.0
Gledos,9.0
Glitzkoin,0.0
Global finances,11.0
Global ico fund,14.0
Global jobcoin,5.0
Global metrology project,21.0
Global pay net,0.0
Global re bitcoin,0.0
Global reit,14.0
Global shrimp coin,4.0
Global spy,9.0
Globalcarservice,1.0
Globatalent,7.0
Globatrix,0.0
Globcoin,4.0
Globecas (preico),3.0
Globetrotter,16.0
Globexsci,2.0
Globitex,0.0
Globo,0.0
Glu,
Gluon,1.0
Glxcoin,1.0
Gn compass,1.0
Gnome invasion,8.0
Gnosis,0.0
Go cubo lodge club,10.0
Goal bonanza,58.0
Gochain,1.0
Godzillion,54.0
Goeureka,4.0
Gohelpfund,0.0
Gold bits coin,6.0
Gold byte coin,4.0
Gold mine,7.0
Goldbox.io,12.0
Goldea,14.0
Golden currency (preico),4.0
Golden fleece,14.0
Goldiam,0.0
Goldma,22.0
Goldminecoin,18.0
Goldmint,16.0
Golem,5.0
Gomineworld,9.0
Gonetrippin (preico),3.0
Goods digital passport (preico),3.0
Goodwork,1.0
Gotoken,1.0
Govchain,
Gpcc  - global protected crypto copyright,3.0
Gpn coin,1.0
Graft blockchain,4.0
Grain.io,5.0
Gramaton token,13.0
Gramgold token,7.0
Granite,2.0
Grapevine,14.0
Graphgrail ai,4.0
Gratuity,0.0
Gratzio,6.0
Gravel coin,0.0
Graz,7.0
Gre,9.0
Green list standard,1.0
Green power exchange,13.0
Greeneum network ico,4.0
Greenish,
Greenlink,2.0
Greenworld farm,3.0
Greenx,16.0
Grid plus,9.0
Grocercoin,3.0
Groceryx,25.0
Gron digital,3.0
Grow & mine,
Growpayment,3.0
Gsc aviation,4.0
Gturbo,5.0
Guardium,3.0
Guarium,13.0
Guide,0.0
Guidectf,7.0
Guts tickets,3.0
Gxc,9.0
Gym rewards,10.0
H-education world (preico),7.0
H2sol,17.0
Habibicoin,31.0
Hacken,3.0
Hackspace,3.0
Hada dbank,2.0
Hade,3.0
Hade pay,0.0
Hai project,8.0
Hala,6.0
Haladinar,7.0
Hamilton,8.0
Hamster marketplace,0.0
Handelion,13.0
Hara,11.0
Harbor,7.0
Harbour dao,0.0
Hash rush,1.0
Hashbon,0.0
Hashbux,1.0
Hashcard,0.0
Hashhive,0.0
Hashtoken,15.0
Havven,7.0
Hazeian,11.0
Hdac,0.0
Hdcoin,0.0
Healpoint,3.0
Health fx,7.0
Health monitor,0.0
Healthereum,1.0
Healthheart,0.0
Healthureum,1.0
Heardbeats,
Heartbout,7.0
Hearthy,3.0
Hedge,9.0
Hedge coin capital,75.0
Hedge.pro,3.0
Hedgeconnect,3.0
Hedpay,5.0
Helbiz,0.0
Helios neural network (preico),2.0
Helioscoin,20.0
Helix,2.0
Helix orange,4.0
Helix3,5.0
Helixhills (preico),12.0
Hellenium,12.0
Hellogold,1.0
Helveticoin,6.0
Heptapolis humanitarian energy coin,2.0
Herby,2.0
Herdius,0.0
Hereda hashgraph,6.0
Hero,5.0
Hero,0.0
Hero,0.0
Hero node,0.0
Heroesjourney,10.0
Heroic.com (preico),3.0
Hextracoin,0.0
Hicky,9.0
Highcastle,6.0
Higher,0.0
Highseek,0.0
Highvibe.network,12.0
Hihealth,0.0
Hip,14.0
Hipe,8.0
Hirebits,1.0
Hirefreehands,0.0
Hirego,12.0
Hirematch,2.0
Hive power,1.0
Hive project,5.0
Hivemind,36.0
Hiveway,7.0
Hiway,1.0
Hold,0.0
Holdme,
Holdvest,22.0
Holo,6.0
Homecoin,2.0
Homelend,7.0
Homemine,18.0
Hometoken,13.0
Homni,0.0
Honestis network,5.0
Honeybee,0.0
Honor,0.0
Honor,0.0
Hoqu,10.0
Horizon communications,0.0
Horizon state,4.0
Horsecoin,
Horyou,20.0
Host.games,1.0
Hostcoin,9.0
Hotcoin,0.0
Hotengine,3.0
Hotoken,9.0
House coupon token,
Howdoo,9.0
Hplus,2.0
Hpq,6.0
Htfx,42.0
Hubezoo,7.0
Hubii network,4.0
Human discovery platform,1.0
Humanai,3.0
Humancoin (preico),4.0
Humaniq,1.0
Humanixr,5.0
Humanscape,5.0
Humbyl,0.0
Hungry panda games,
Hunt.bet,3.0
Hupplat,0.0
Hurify,0.0
Hush,2.0
Hussy,7.0
Hut34 project,5.0
Huyucoin,1.0
Hybrid betting,5.0
Hybridblock,3.0
Hycon,2.0
Hyde and co,0.0
Hydrocoin,2.0
Hydrominer,58.0
Hyperbridge (preico),0.0
Hyperion fund,21.0
Hyperionx (preico),4.0
Hyperquant,0.0
I'm aero,1.0
I-chain,2.0
Iac autounit,9.0
Iagon,7.0
Iame identity (preico),1.0
Iamhero,0.0
Iat,26.0
Ibfs.world,14.0
Ibuildapp,0.0
Ic3 cubes,5.0
Icasting.io,4.0
Icbcoin,0.0
Ice rock mining,
Icebreakerar (preico),0.0
Icloudsec,0.0
Ico pass,7.0
Icobasis,9.0
Icoheadstart,42.0
Icoico,1.0
Icon,3.0
Iconic ecosystem,27.0
Iconiq lab,0.0
Iconomi,13.0
Icos,0.0
Icostart,9.0
Icovo,12.0
Icst,16.0
Icury,1.0
Idap.io,14.0
Idea jump,
Idealcoin,0.0
Idgo (preico),1.0
Idice,1.0
Idm,2.0
Idmoney,5.0
Idtechnology,1.0
Iex.ec,7.0
Ifan,14.0
Ignis,0.0
Ignite ratings,15.0
Igt,25.0
Iht coin,10.0
Iiottel,21.0
Ilcoin,1.0
Ilink2music (preico),8.0
Imdex,0.0
Imigize (preico),22.0
Immla,7.0
Immvrse,2.0
Impact ppa,8.0
Impak coin,17.0
Imperium,5.0
Impetusone,3.0
Imusify,3.0
Inbet,20.0
Inbot intoken,11.0
Incent,
Incodium,0.0
Incremint.io,9.0
Incx,12.0
Indahash,0.0
Indeep,3.0
Index coin,
Indicoin,0.0
Indigo racing,0.0
Indorse,4.0
Infinitus token,2.0
Infliv (preico),5.0
Inflr,20.0
Infracoins,7.0
Ingot coin,19.0
Injii,0.0
Ink labs foundation,6.0
Ink protocol,0.0
Inkchain,
Inlock,4.0
Inmediate,15.0
Inmusik,0.0
Innovasis hotels,5.0
Innovative bioresearch,6.0
Ins,11.0
Ins ecosystem,11.0
Inscoin for knox project,0.0
Insights network,2.0
Inspeer,34.0
Inspem,1.0
Instoken,3.0
Insurepal,11.0
Insureum,3.0
Insurex,1.0
Integrative wallet token,2.0
Intellectual.network,4.0
Intelligent trading foundation,35.0
Intelligent trading technologies,35.0
Intellium,11.0
Intellos,10.0
Interest coin,4.0
International science hub (preico),1.0
Internxt,1.0
Intervalue,6.0
Intimate,2.0
Intiva,14.0
Intrachain,13.0
Intro,3.0
Invacio,40.0
Invest in brokers,4.0
Investa,14.0
Investfeed,1.0
Investy,0.0
Invictus hyperion fund,81.0
Involve,0.0
Invox finance,22.0
Iolite,6.0
Iotex,5.0
Iotw,2.0
Iov (preico),0.0
Ip gold,6.0
Ip sharing exchange,0.0
Ipay,0.0
Ipstock,9.0
Iqeon,4.0
Iquant chain,0.0
Iregmed,0.0
Irene energy,10.0
Irespo,9.0
Iris,3.0
Ironblock,7.0
Iryo,5.0
Ishook,2.0
Island coin gold,2.0
Istrium,1.0
Ititaniumcoin,2.0
Ito assendelft,9.0
Itob,6.0
Itrue,3.0
Iungo,3.0
Iveryone,7.0
Ivin,1.0
Ivmedia,5.0
Ivyn,6.0
Ixtus,4.0
Izac,0.0
Izibits,2.0
Iziing,33.0
Izx,4.0
Javvy (preico),2.0
Jboxcoin,4.0
Jcash,2.0
Jcn (preico),3.0
Jet8,4.0
Jibbit (preico),7.0
Jibrel network,7.0
Jinbi,1.0
Jincor,10.0
Jiocoin,4.0
Jizzcoins,2.0
Jnet1,3.0
Jobeum,1.0
Joingrowth,6.0
Joint ventures,2.0
Jointedu,0.0
Jointly,9.0
Jolyy,9.0
Joys,7.0
Joyso,5.0
Joytoken,26.0
Jsecoin,1.0
Jupiter project,2.0
Jur,13.0
Jury.online,2.0
Just dating site,5.0
Just pay coin,0.0
Justhive,
Justmake,
Jwc ventures,16.0
Kaching,1.0
Kahnchat,3.0
Kakushin,18.0
Kala token,2.0
Kalicoin,0.0
Kapex (preico),18.0
Kapu,1.0
Karatgold coin (kbc),9.0
Karbon,
Karma,37.0
Karma,13.0
Kartblock (preico),0.0
Karuna network,0.0
Kash,7.0
Kasko2go,12.0
Kastle,2.0
Katalyst coin,2.0
Kayocredits,
Keen platform,6.0
Keep,3.0
Keeppet,6.0
Keepsafepay,0.0
Kelta,5.0
Kencoin,4.0
Kepler technologies,4.0
Kerberos ico,25.0
Kevin.,
Kexcoin,30.0
Keyrpto,4.0
Kheper,0.0
Kickcity,0.0
Kickico,17.0
Kijash,1.0
Kimera (preico),7.0
Kimex,9.0
Kin,2.0
Kind ads system,2.0
Kinekt terminals,0.0
Kinetic revolution,0.0
King slayer,0.0
Kings distributed systems,5.0
Kinguin.io,3.0
Kissescoin,11.0
Kittoken,2.0
Kleos,0.0
Kleros,4.0
Knowchain,2.0
Knowledge,6.0
Knows,2.0
Kodakone,5.0
Koios ai,
Komodo,31.0
Konero,10.0
Konios project,2.0
Kora network,3.0
Korbex,10.0
Korona coin,9.0
Kpr coin,36.0
Kratos (preico),10.0
Kredx,4.0
Krios,10.0
Kript,4.0
Krops,0.0
Krosscoin,8.0
Kryll.io,10.0
Krypted,5.0
Krypteum,0.0
Kryptobits,8.0
Kryptoin (preico),15.0
Kryptonium,0.0
Kryptopal,2.0
Kryptopy,0.0
Kryptoro,0.0
Kstarcoin,0.0
Kubera,1.0
Kubitx (preico),3.0
Kudo,1.0
Kuende,7.0
Kurecoin,1.0
Kuwaitkoin,0.0
Kvantor,7.0
Kwhcoin,0.0
Kybernetwork,11.0
Kyc.legal,
L-pesa,17.0
Laborcrypto,7.0
Labrys,10.0
Labstart,2.0
Lala world,0.0
Lambda,16.0
Lambda,16.0
Lamden,1.0
Lamoneda,7.0
Lamp,
Lampix,10.0
Lancechain,8.0
Lancer network (preico),6.0
Land layby,8.0
Laneaxis,8.0
Lapo blockchain,18.0
Larecoin (lare),7.0
Laser,2.0
Latium,0.0
Latoken,0.0
Lattice,2.0
Lavenir ico,35.0
Layer protocol,0.0
Lccx - london crypto currency exchange,0.0
Leadcoin,7.0
Leadrex,7.0
Leap with alice,1.0
Ledgit,0.0
Legacy,1.0
Legolas exchange,10.0
Lelecoin,3.0
Lemmon,
Lemochain,7.0
Lendingblock,15.0
Lendium.tech,23.0
Lendo,12.0
Lendroid,3.0
Lendsbay,8.0
Lenuschain,4.0
Leonardian,0.0
Leopays (preico),9.0
Lescovex,3.0
Let bet,7.0
Let it play (preico),5.0
Letsbet,13.0
Letsfair,0.0
Levelnet,12.0
Leverj,25.0
Lewt,4.0
Lexit,3.0
Lexzoom,20.0
Lh-crypto,24.0
Lhg,0.0
Libellum,7.0
Libidocoin,0.0
Liblob,4.0
Librium,0.0
Life change,0.0
Life cross coin (preico),5.0
Lifetask,8.0
Lift token,2.0
Ligercoin,8.0
Lightbitatom,1.0
Lightcash blockchain system,1.0
Lightstreams,0.0
Like,0.0
Likecoin,2.0
Lili,15.0
Liminality network,0.0
Linda healthcare,13.0
Lineage network,
Linkcoin,2.0
Linkercoin,16.0
Lionsea,0.0
Lios,7.0
Lipchain,0.0
Liqnet,0.0
Liquid bonus loyalty ico,5.0
Liquid8,29.0
Liquidity.network,0.0
Litebolt,27.0
Litecoin cash,0.0
Litenett (preico),26.0
Liteum,1.0
Litra,0.0
Little phil,20.0
Live show,0.0
Live stars,1.0
Livecontracts,
Liveedu,3.0
Livetree adept,
Livingoffset,6.0
Loan bit,0.0
Loandex,4.0
Local token exchange (preico),0.0
Local world forwarders,11.0
Localcoinswap,47.0
Localxpose,2.0
Loci coin,3.0
Locktrip,9.0
Logisticsx,3.0
Lokalize,2.0
Loki,8.0
Loligo,8.0
London football exchange,1.0
Lookscoin,5.0
Loomia,0.0
Loopring,0.0
Lordmancer ii,2.0
Lotus,14.0
Lotus core,11.0
Lovar,12.0
Love coins,35.0
Love token,
Lovr pre-ico,21.0
Loyakk,1.0
Loyalcoin,
Loyaltychain,
Lsd,
Lucidexchange,0.0
Lucisdollar,4.0
Luckbox,28.0
Luckchemy,10.0
Lucyd,24.0
Lumenus,7.0
Lunch money,9.0
Lunes platform,3.0
Lunyr,1.0
Lust,0.0
Luven diagnostic,3.0
Luxcess group,17.0
Luxure global citizen,4.0
Luxxeum,11.0
Lvx,29.0
Lydian,15.0
Lykke,9.0
Lympo,0.0
Lynx network,23.0
Lytictail,9.0
Lyves,
Machtcoin,2.0
Macroverse,4.0
Madana,14.0
Madnetwork,0.0
Maecenas,7.0
Maestro,96.0
Magnum link,0.0
Magos,
Mahra,0.0
Mainframe,7.0
Mainprise,28.0
Majato project,6.0
Majime,
Make (preico),15.0
Makeafolio,6.0
Makeitviral,0.0
Mammoth,2.0
Mandala,2.0
Mango startups,21.0
Map,0.0
Mapcoin,4.0
Marachain,1.0
Marbcoin (preico),0.0
Marcelo,11.0
Marginless,20.0
Mark.space,3.0
Market.space,5.0
Marketc,7.0
Marketlist,15.0
Marketplace,2.0
Markscheider,3.0
Marqyt,3.0
Mass vehicle ledger,26.0
Mass.cloud,0.0
Masscryp,4.0
Masternode invest,16.0
Matchdiary (preico),1.0
Matchpool,0.0
Matchroom,0.0
Math oriented value investing,40.0
Matrexa,2.0
Matrix,1.0
Matrixone,0.0
Matryx,4.0
Mavin,0.0
Mavo token,0.0
Mavro,11.0
Maxbull coin,26.0
Maxdata,8.0
Mb8coin,4.0
Mbys,8.0
Mcap,43.0
Mcart protocol,
Mccain corp,
Mcfly.aero,6.0
Mco,2.0
Mcoin,0.0
Mcv-cap,12.0
Mcx,0.0
Md tokens,6.0
Mdcn,
Mdk,0.0
Mdl talent hub,0.0
Measurable data token,13.0
Medai network,0.0
Medcash,6.0
Medchain,7.0
Medcredits,1.0
Media network token,2.0
Media protocol,0.0
Media sifter,8.0
Medibloc,0.0
Medibond,
Medical cannabis,0.0
Medicalchain,7.0
Medichain,0.0
Medicohealth,3.0
Medilot,1.0
Medipedia,14.0
Medis,0.0
Meet luna,1.0
Meetip,1.0
Meetngreetme,0.0
Mefy,0.0
Mega x,0.0
Melonport,2.0
Membrana,58.0
Memority,10.0
Menlo one,9.0
Menubuzz,11.0
Mercury protocol,1.0
Merge,0.0
Metabase,0.0
Metacert protocol,2.0
Metadium,0.0
Metagame,
Metahash,3.0
Metal,2.0
Metamorph.pro,14.0
Metatip,0.0
Metoken (preico),25.0
Metronome,96.0
Metta,13.0
Mevu,0.0
Mfchain,0.0
Mfun (preico),13.0
Mfv,
Mgltoken,13.0
Miami crypto exchange,3.0
Mib,2.0
Miboodle,3.0
Micars,0.0
Micromoney,15.0
Midas,0.0
Midex,0.0
Milc,1.0
Millioncoin,0.0
Mimicoin,0.0
Miminer,0.0
Min,3.0
Mindfire,3.0
Mindlink,1.0
Mindsports,5.0
Mine,24.0
Miner edge (preico),59.0
Miner one,20.0
Minerva,0.0
Minery,45.0
Minex,0.0
Mingo,0.0
Miniapps,1.0
Mining now,14.0
Mining seconds,22.0
Mintflint,0.0
Minthealth,11.0
Mir,4.0
Mira,2.0
Mirocana,14.0
Misscoin,3.0
Mit-ra,17.0
Mithril ore,8.0
Mito,9.0
Mix rent (preico),20.0
Mjcoin,0.0
Mltoken,0.0
Mobee,6.0
Mobilebridge momentum,10.0
Mobilego,19.0
Mobilink-coin,0.0
Mobius network,
Mobiuz (preico),12.0
Mobu,2.0
Modex,0.0
Modoview,0.0
Modultrade,5.0
Modulum,5.0
Modum,11.0
Moeda,5.0
Moentum token,5.0
Mog,12.0
Mokenex,0.0
Mold,4.0
Mom.life,13.0
Moms avenue,0.0
Monaco,1.0
Monaco estate,54.0
Monaize,0.0
Monanex,5.0
Monarch (preico),2.0
Monartis,7.0
Moncrypt,2.0
Mondo,0.0
Moneda,4.0
Monetahawk,7.0
Monetha,7.0
Monetizr (preico),10.0
Moneto,21.0
Money by design (preico),13.0
Money rebel,0.0
Moneyking,9.0
Moneytap token,1.0
Moneytech,0.0
Moneytoken,9.0
Monkey capital,0.0
Monopoly,
Monoreto,0.0
Monster bit,7.0
Monster byte,0.0
Monvid,0.0
Moolyacoin,0.0
Moonlight,10.0
Moonlighting,0.0
Moonlite,29.0
Moosecoin,6.0
Moover,7.0
Moovin,4.0
Moozicore,1.0
Moria,0.0
Morpheus infrastructure token,2.0
Morpheus network,0.0
Mos lottery,4.0
Mosaic,4.0
Mossland,0.0
Mothership,0.0
Mountain resorts,
Moveco,15.0
Movement app,0.0
Moviechain,7.0
Movieschain,9.0
Moxyone,3.0
Mpcx,16.0
Mratoken,16.0
Mrchain,0.0
Msc,11.0
Mst coin,18.0
Mtcash,3.0
Mthereum,29.0
Mtk,8.0
Multibot,0.0
Multisignio,0.0
Multiven (preico),6.0
Multiversum,0.0
Multra,14.0
Mundus,7.0
Mustangchain,5.0
Muxe,1.0
Mvlchain,26.0
Myart,3.0
Mybit,5.0
Mycreditchain,4.0
Mycryptobank (preico),19.0
Mydfs,8.0
Mykrosystem,3.0
Mymazzu,0.0
Mymincome,53.0
Myoddz,
Myriads.io,10.0
Myrymax,10.0
Mysterium,3.0
Mytime,1.0
Mytracknet,0.0
Mywish,1.0
N'cloud.swiss,0.0
N.exchange,10.0
Nafen,5.0
Naga,19.0
Nagricoin,3.0
Naireum,0.0
Naireum,0.0
Naked technologies,12.0
Nam,13.0
Namahe,2.0
Nametoken,1.0
Nami.trade,7.0
Napoleon x,9.0
Narbonne,7.0
Narrative,6.0
Natcoin,2.0
Native video box,13.0
Nativecoin,30.0
Natmin (preico),1.0
Nau,0.0
Nauticus,20.0
Naviaddress,6.0
Nebeus,0.0
Neblio,0.0
Nebula ai,20.0
Nebula genomics,7.0
Nebulas,21.0
Nedscoin,6.0
Nedviga,0.0
Neluns (preico),22.0
Neo,0.0
Neo finance,20.0
Nest,7.0
Netcents,0.0
Netscouters,9.0
Netterium,4.0
Networkunits,0.0
Netzero (preico),39.0
Neufund,9.0
Neunet,0.0
Neurobot,0.0
Neurochain,0.0
Neurogress,6.0
Neuromachine,12.0
Neuromation,2.0
Neuron,5.0
Neuroseed,1.0
Neuroseed,0.0
Neverdie,0.0
New era energy,5.0
Newbium,1.0
News,0.0
Newton,4.0
Nex,6.0
Nexo,7.0
Next.exchange,19.0
Nextpakk (preico),7.0
Nezly semi-private presale,0.0
Nickelcoin,3.0
Nilecoin,1.0
Nimbus token,0.0
Nimfamoney,26.0
Nimiq,0.0
Niqbix,0.0
Nitro,3.0
Nkn,1.0
Nns,34.0
No fake today,4.0
Noah coin,2.0
Nobar (preico),24.0
Nocta,0.0
Nocturus,6.0
Node,7.0
Noia network,5.0
Noiz,6.0
Nollycoin,0.0
Nomad.space (preico),0.0
Nonecoin,4.0
Nordcoin mining,16.0
Noscam,0.0
Notarchain.es,1.0
Notary,2.0
Nousplatform (preico),24.0
Nova,4.0
Nova blitz,4.0
Novacool,
Novalend,0.0
Novex,
Noxbox,1.0
Nper,9.0
Ntok,9.0
Nucleus,0.0
Nuclus,11.0
Nuggets,0.0
Nuhelp,2.0
Nuka token,0.0
Nukleus,14.0
Nuls,0.0
Numoney exchange,0.0
Nursetoken,9.0
Nuvus.io,16.0
Nvo,0.0
Nwpsolution,0.0
Nws.one,0.0
Nyigde? (preico),17.0
Nynja,2.0
Nyronchain,0.0
Nyx,0.0
Obirum,0.0
Obizcoin,10.0
Observer,0.0
Obsidian,
Ocean protocol,25.0
Oceanus foundation,
Octanox,0.0
Octobase,
Octobit.io,1.0
Odeep,0.0
Odem,3.0
Odmcoin,16.0
Oduwa,11.0
Odyssey,0.0
Oel foundation,2.0
Officium,0.0
Ofid,0.0
Ofnog,15.0
Ogcoin,6.0
Oid  - opioid token,2.0
Oildexcoin,0.0
Oilsc,1.0
Ojooo (preico),6.0
Okeydokey,0.0
Okmcoin,10.0
Olam,7.0
Olxa,4.0
Olympus labs,8.0
Omega one,2.0
Omeno,0.0
Omisego,0.0
Ommer,5.0
Omnitude,11.0
On.live,3.0
Onasander,19.0
One game,5.0
One ledger,1.0
One network,2.0
One+1,10.0
Oneforone coin,0.0
Onegram,1.0
Oneroot,15.0
Ong.social,4.0
Online,4.0
Onncoin,
Ono,42.0
Onplace,6.0
Onstellar,2.0
Ontology,
Onz coin,0.0
Opakeco,6.0
Open collectors network (preico),23.0
Open longevity,0.0
Open money,0.0
Open platform,1.0
Open source university,9.0
Openanx,8.0
Openassets,2.0
Openbrix (preico),24.0
Openfinance network,9.0
Openzen,
Ophcrcoin,27.0
Opp open wifi (preico),1.0
Opporty,5.0
Optitoken,25.0
Optonium,6.0
Opu labs,5.0
Opus,14.0
Oracles network,113.0
Orada,
Orbeum,0.0
Orbis,7.0
Orbis,7.0
Orbs (preico),14.0
Orca,2.0
Orch network,3.0
Organicco,17.0
Origami network,2.0
Origin protocol,8.0
Origintrail,0.0
Orinoco,44.0
Orio,
Oris.space,1.0
Orocrypt,3.0
Orozu,3.0
Ors ico,6.0
Orvium,8.0
Osa,16.0
Osmium investment coin,5.0
Otcrit,14.0
Otppay,0.0
Ouna,2.0
Ourtell,9.0
Out of the cloud (preico),21.0
Ovato,6.0
Owndata,3.0
Ox fina,16.0
Oyoba inc.,
Oyster,2.0
Ozex,7.0
P2p solutions foundation,0.0
P2pay,3.0
Paidex,4.0
Pallium,2.0
Pally,0.0
Pandalancer,
Papusha,9.0
Papyrus (preico),9.0
Paquarium,0.0
Paragon coin,4.0
Parcelx,2.0
Pareto,15.0
Parkgene,7.0
Parkres,2.0
Parq,3.0
Parsec frontiers,11.0
Patentico,6.0
Path.network,6.0
Patientory,5.0
Patriot,12.0
Patron,2.0
Pave,14.0
Pavocoin,12.0
Payblok,8.0
Paycent,10.0
Payera,2.0
Payfair,0.0
Payfrit rms,2.0
Paygine,2.0
Payiza,10.0
Payment solutions international,23.0
Paymon,5.0
Payperblock (preico),5.0
Paypie,5.0
Payportal,10.0
Paypro,1.0
Paysura,3.0
Paytailor,4.0
Paytomat,3.0
Pcc,0.0
Pearlpay (preico),6.0
Peatcoin,19.0
Peculium,5.0
Pecunia,
Pecunio,9.0
Peer mountain,8.0
Peeratlas,10.0
Peerbanks,6.0
Peerguess,1.0
Peerity,1.0
Peerplays,7.0
Pentacore,25.0
Pentaxcoin,0.0
Peoplewave,4.0
Pep network,9.0
Pepperdb,6.0
Perfectchain network,0.0
Perkscoin,17.0
Permian,15.0
Persona,0.0
Personal data democracy,8.0
Perucoin,4.0
Petal,1.0
Petro,4.0
Petsource,0.0
Peur,0.0
Pexcash (preico),3.0
Phantasma,4.0
Pharmaparalleltrade,
Phenomenal network,5.0
Phi token,41.0
Philanthor (preico),3.0
Phoneum,0.0
Photochain,0.0
Photon,0.0
Pibble,15.0
Pig world,0.0
Pigzbe,0.0
Pikciochain,3.0
Piligrim xxi,0.0
Pillar,5.0
Pindify,0.0
Ping chain,0.0
Pingpaid,2.0
Pingpong,
Pingvalue,18.0
Pink taxi token,9.0
Pinkdate,6.0
Pinmo,0.0
Pinnacle brilliance,1.0
Pitch,4.0
Pitis coin,12.0
Pixie,8.0
Pixinch,7.0
Plaak,1.0
Placetorent (preico),11.0
Plair,4.0
Plancoin,2.0
Planex,6.0
Planport,0.0
Platinum token club,5.0
Platio solar,
Play game,1.0
Play2live,8.0
Playbets,6.0
Playbunk,12.0
Playchip (preico),1.0
Playcoin,16.0
Playhall,2.0
Playingcrypto,7.0
Playkey,5.0
Playrs,5.0
Playtrip,6.0
Plaza systems (preico),7.0
Plentix,10.0
Plenus,0.0
Plimst,
Pluscoin,24.0
Pluscoin,7.0
Plutus,1.0
Pm7,4.0
Pmotion,2.0
Po.et,32.0
Po8,6.0
Poa network,113.0
Pocketinns,0.0
Pocketсon,0.0
Podone,0.0
Pointium,15.0
Pokersports,0.0
Policypal network,15.0
Polkadot,0.0
Poloneum,
Polybius,4.0
Polymath,7.0
Polymerium,0.0
Polyswarm,3.0
Ponder,4.0
Ponics technologies,3.0
Ponsumer,2.0
Pontem inc.,6.0
Pool of stake,8.0
Popchest (preico),0.0
Populous,7.0
Populstay,0.0
Popultrade,65.0
Pornx,23.0
Poseidon foundation,10.0
Potentiam,2.0
Potion owl,23.0
Povr,5.0
Power,3.0
Power ledger,13.0
Pr network,3.0
Praator,20.0
Pre-charge,0.0
Premium trade,36.0
Presale ventures (preico),0.0
Presearch,5.0
Pressco,24.0
Presscoin,
Prether,0.0
Previsione,4.0
Prevue,0.0
Primalbase,6.0
Primary (preico),12.0
Prime-ex perpetual,10.0
Primelend,22.0
Primestar,0.0
Priorityex,2.0
Privatix,0.0
Privelege coin,26.0
Prizm,3.0
Productivist,5.0
Profede,8.0
Profyt pro,2.0
Projecereum tokens,1.0
Project decorum,
Project shivom,8.0
Project zephyr,1.0
Prokarex,0.0
Promether,3.0
Proncoin,2.0
Prontapay,0.0
Proof of toss,27.0
Proof suite,5.0
Properbuz,2.0
Property coin,54.0
Property2chain,1.0
Propertyclub,4.0
Propify,
Props,3.0
Propthereum,31.0
Propx nanochain,
Propy,0.0
Prosense,
Prosume energy,2.0
Protex,3.0
Protos,125.0
Prover,3.0
Provoco,2.0
Proximax,12.0
Proxy card,0.0
Pryvatecoin,2.0
Pryze,0.0
Publica,3.0
Publiq,7.0
Pulsar,26.0
Pumped,16.0
Pundi x,3.0
Puregold.io,5.0
Purple throne,4.0
Pyapay,11.0
Pylon network,14.0
Qash by quoine,13.0
Qatar,5.0
Qchain,4.0
Qfora,0.0
Qiibee,1.0
Qilimanjaro,6.0
Qilin.market,25.0
Qlc chain,3.0
Qlink,3.0
Qompass,27.0
Qravity,12.0
Qredit,1.0
Qtum,20.0
Quadrant,11.0
Quant network,1.0
Quantler,12.0
Quantocoin,1.0
Quantor,31.0
Quantreum,2.0
Quantstamp,13.0
Quantum,0.0
Quantum gold,8.0
Quantum1net,0.0
Quarkchain,0.0
Quarteria,9.0
Quasa,3.0
Quickx protocol,8.0
Quifas,14.0
Quixxi,0.0
Quixxi connect,0.0
Quorchain,1.0
Qurito,0.0
Qurrex,0.0
Qvolta,3.0
Qwasder,2.0
Qwiqq ico,0.0
Qykbar,5.0
R pay,0.0
R-bit,41.0
R3s,
R_block,0.0
Raacoin,7.0
Racoin,66.0
Rad lending,10.0
Radio,0.0
Radioyo,0.0
Radjav,1.0
Rados,0.0
Rafl,
Raiden network,0.0
Railz,0.0
Rainbow currency,1.0
Raison,11.0
Rakugo,0.0
Rank,0.0
Rankingball,4.0
Rasputin,17.0
Rate date,
Rate ico,2.0
Rate3,0.0
Rateonium (preico),10.0
Ravelous,11.0
Ravn's korrax,1.0
Rawg (preico),1.0
Rays network,2.0
Razoom,5.0
Rchain,2.0
Re:factor (preico),20.0
Ready play go (preico),6.0
Real,70.0
Real estate doc,10.0
Real property token,2.0
Realcasino,9.0
Reales coin,4.0
Realista,0.0
Realisto,79.0
Reality clash,0.0
Realt,0.0
Realty crypto investment,12.0
Realty returns,0.0
Realtycoin,12.0
Reanimator,16.0
Rebons,7.0
Reborn bloc (preico),6.0
Receiptcoin,2.0
Record foundation,11.0
Red cat,0.0
Red pulse,0.0
Redbux,11.0
Redcab,19.0
Redfund (preico),12.0
Redpill,0.0
Refereum,15.0
Reftoken,4.0
Rega,10.0
Regalcoin,5.0
Reger diamond,17.0
Registryblocks,8.0
Rego,4.0
Reidao,9.0
Release project (preico),2.0
Relest,0.0
Reme-coin,18.0
Remechain,3.0
Remme,0.0
Remoneta,1.0
Renc,8.0
Render payment,0.0
Rentberry,6.0
Rentything,26.0
Renu,9.0
Reo,6.0
Reorder,16.0
Reos (preico),0.0
Reportercommunity,8.0
Reposalnetwork,3.0
Repu,5.0
Repux,67.0
Request network,1.0
Requitix,10.0
Residual token,17.0
Restart energy,11.0
Ret,61.0
Retail coin,6.0
Retail.global (preico),10.0
Retn,3.0
Revain,0.0
Revenyou,6.0
Review.network (preico),5.0
Revoil,14.0
Revv coin,42.0
Rewardmob,4.0
Rewardstoken,5.0
Rex,1.0
Rexpax,8.0
Rhizome,3.0
Rhovit,2.0
Rialto.ai,
Ricona,20.0
Rider token,0.0
Rightmesh,9.0
Rightmesh,
Rigoblock,15.0
Rilcoin,5.0
Ripio credit network,13.0
Riptide coin,3.0
Rise housing,21.0
Rivetz,0.0
Rix,132.0
Rloop,13.0
Robet (preico),13.0
Robo advisor coin,51.0
Robomed network,2.0
Robonomics network,8.0
Robot trading,1.0
Robotar,4.0
Robotina,19.0
Robotvera,16.0
Roburst network,
Rocati,1.0
Rockchain,0.0
Rocket ico,2.0
Rocket pool,1.0
Rolecoin,4.0
Romad endpoint defense,1.0
Ronaldinho soccer coin,0.0
Roomdao,7.0
Root blockchain,0.0
Rootproject,25.0
Roscacoin,11.0
Rosenbridge digital,10.0
Rotharium,3.0
Rothscoin,3.0
Rouge,1.0
Royal capital,39.0
Royal kingdom coin,
Rpay,0.0
Rublix,16.0
Rucoin,1.0
Run2play - the blockchain fitness platform,
Rusgas,0.0
Russian miner coin,0.0
Rustbits,0.0
Rxeal,13.0
Ryfts,7.0
Ryptox,0.0
S-coin,8.0
S3entigraph,
S4fe,14.0
Saascoin,0.0
Saavcoin,1.0
Safe haven,2.0
Safe.ad,8.0
Safecrypt,15.0
Safeguard,12.0
Safein,8.0
Safekeet,9.0
Safinus,0.0
Sagittae,0.0
Sahara chain,0.0
Saifu,10.0
Saisho,58.0
Saleshustler,
Samfins,21.0
Samy,
Sancoj,0.0
Sandblock,4.0
Sandcoin,0.0
Sansox,7.0
Santiment,3.0
Sapien,6.0
Sarf,0.0
Saske,
Satori books,4.0
Satoshi brewery,
Satt,11.0
Saturn network,20.0
Savage,2.0
Save environment token,0.0
Save token,10.0
Savedroid,22.0
Sbinvestitions,22.0
Scam ico killer,0.0
Scicoins,0.0
Science blockchain,90.0
Scienceroot,7.0
Scientificcoin,2.0
Scorum,0.0
Scout token,4.0
Scrinium,6.0
Scriptdrop,4.0
Scroll token,0.0
Seal,18.0
Secure donation token,6.0
Securitypluscloud,
Securix (preico),33.0
Securosys,8.0
Selfie go (preico),4.0
Selfieyo gold token,4.0
Selfkey,14.0
Selfllery,2.0
Selfpay,0.0
Selfsell,11.0
Sen,1.0
Senno,0.0
Sense,0.0
Sentigraph.io,1.0
Sentinel chain,21.0
Sentinel protocol,0.0
Seratio,7.0
Serenity,
Serenity,12.0
Servadvisor,5.0
Setcoin,6.0
Sether,21.0
Sexservice.io,2.0
Seylan,6.0
Sga consulting,17.0
Sgamepro,1.0
Sgat (preico),0.0
Sgpay,8.0
Sgv-g technology,9.0
Shard,24.0
Sharder protocol,2.0
Share estate,23.0
Shareme music,1.0
Sharering,4.0
Sharkgate,5.0
Sharpay,3.0
Sharpe capital,0.0
Shelterdao,3.0
Shift.cash,
Shinecoin,5.0
Shipchain,4.0
Shipit,0.0
Shipowner.io,0.0
Shivers,5.0
Shocoin,2.0
Shokocast,10.0
Shop protocol,6.0
Shopcorn,27.0
Shopiblock,6.0
Shopin,11.0
Shoppercoin (preico),6.0
Shping,4.0
Sid token (preico),7.0
Sidera (preico),9.0
Signal,10.0
Signals,10.0
Silent,18.0
Silent notary,
Silicon,0.0
Silkchain,24.0
Silkos,2.0
Silvertoken,2.0
Simdaq,4.0
Simple token,10.0
Simply vital health,3.0
Sine,
Sinergia blockchain,4.0
Singulardtv,0.0
Singularitynet,5.0
Sintec,11.0
Sintez,67.0
Sirin labs,3.0
Sisa,5.0
Six.network,14.0
Skara,4.0
Skillchain,12.0
Skincoin,3.0
Skraps,23.0
Skrilla,0.0
Skrumble network,2.0
Skychain,3.0
Skycoin,0.0
Skye properties,3.0
Skyfchain,2.0
Skyhopecoin,0.0
Skypay,
Slate,20.0
Sleecoin,1.0
Sleekplay,11.0
Slogn logistics,3.0
Slp,0.0
Slt,0.0
Smart city eco,7.0
Smart city enterprise,
Smart containers,16.0
Smart investment fund,18.0
Smart little machine,0.0
Smart progress,1.0
Smart trip platform,5.0
Smart valley,15.0
Smartbillions,97.0
Smartchain media,6.0
Smartcity,6.0
Smarter than crypto,48.0
Smartgenie.io,2.0
Smartgold,3.0
Smarthealthcare,0.0
Smartinsurprotocol,16.0
Smartlands,0.0
Smartmesh,4.0
Smartmoni,4.0
Smarto,4.0
Smartone,0.0
Smartpesa credible,0.0
Smartrealty,1.0
Smartrefer,7.0
Smhc coin,2.0
Smoke,11.0
Smoke exchange,9.0
Smrt,2.0
Smschain,0.0
Snagride,0.0
Snapparazzi,9.0
Snapup,
Snbl,2.0
Snip,11.0
Snovian.space,2.0
Snovio,2.0
Soar,12.0
Social media income,1.0
Social wallet,3.0
Socialgood (preico),18.0
Sociall,5.0
Socialmedia.market,18.0
Socialremit,4.0
Socialx,7.0
Socratescoin,0.0
Sofin,17.0
Sola,7.0
Solar dao,8.0
Solarex,6.0
Solidified,8.0
Solomon exchange,
Solomonstouch,44.0
Solve.care,0.0
Soma,2.0
Sonder,2.0
Sonic,0.0
Sonm,15.0
Sooloox,3.0
Sophiatx,0.0
Sorbase,4.0
Sorgin,2.0
Sosnovkino,0.0
Sosr,0.0
Soundeon (preico),2.0
Sovren exchange,4.0
Sovrin,4.0
Soycoin,
Sp8de,1.0
Spaceico,42.0
Spacoin,0.0
Spade coin (preico),0.0
Spankchain,0.0
Sparc,0.0
Spark coin,2.0
Sparklecoin,0.0
Sparkster,2.0
Spectiv,7.0
Spectre,
Spectrum network,5.0
Specular,0.0
Speed mining service,0.0
Sphere social,10.0
Spheris,1.0
Sphinx coin,7.0
Sphre air,0.0
Spice,22.0
Spiking (preico),
Spin509,2.0
Spindle,5.0
Spokkz (preico),7.0
Sportco,1.0
Sportcy,38.0
Sportience,0.0
Sports ledger,4.0
Sportsfix,5.0
Sportyco,0.0
Sportyfi,19.0
Spotcoin,7.0
Springrole,1.0
Sprinklecoin,4.0
Sprintx,1.0
Sqirt,0.0
Squarex,0.0
Squeezer,3.0
Srcoin,54.0
Srg,1.0
Srt,12.0
Ssot health foundation,0.0
Stabilise,4.0
Stabix,5.0
Stacktical,7.0
Staking coin,
Stampify,
Staps platform,0.0
Star bit ex,1.0
Staramba,1.0
Starbase,0.0
Starflow,13.0
Starlightcoin,0.0
Starmine,4.0
Starta,
Startions,
Startmining,
Stash,3.0
Stasyq,8.0
Statercoin,
Stattm project,0.0
Status,6.0
Stay,
Stayallied,1.0
Stayawhile,
Stayge,16.0
Stealth project,0.0
Stelcoin,1.0
Stellargoldcoin,2.0
Stex,
Stex,0.0
Stitched,0.0
Stk,1.0
Stockbet,9.0
Stockblock,0.0
Stockchain,25.0
Stocks.bet,14.0
Stokit,2.0
Stopthefakes,3.0
Storiqa,7.0
Storj,22.0
Storm,2.0
Stow it token,
Stox,22.0
Stream,25.0
Stream41,0.0
Streamity,1.0
Streampay (preico),5.0
Streamr,1.0
Streamspace,25.0
Strim,1.0
Strykz,12.0
Stubba,
Stuffgogo,4.0
Styras,2.0
Subaj global network,0.0
Substratum,1.0
Successlife,1.0
Suchapp,0.0
Sudan gold coin,26.0
Sun fund,23.0
Suncontract,0.0
Sunmoney,11.0
Sunmultiwallet,1.0
Sunxcoin,16.0
Super ethereum,18.0
Superbloom,0.0
Superdao,13.0
Superfruit,3.0
Superium,
Superpay.vip,0.0
Supload,5.0
Supplybloc,11.0
Supporter,49.0
Sur-ple,14.0
Sureremit,0.0
Suretly,1.0
Surety.ai,3.0
Surrus,24.0
Surveychain,0.0
Svandis,1.0
Svper,12.0
Swace,3.0
Swachhcoin,12.0
Swapy network,25.0
Swarm fund,34.0
Sweetbridge,19.0
Swing (preico),6.0
Swiss alps mining,21.0
Swissborg,9.0
Swissrealcoin,25.0
Swisstok,
Switcheo network,2.0
Switcoin,7.0
Sword coin,12.0
Swx coin,0.0
Swytch,7.0
Symbioses,3.0
Synapse,0.0
Syncfab,1.0
Synchrolife,5.0
Synco,5.0
Synereo,1.0
Synexcoin,4.0
Syntera,10.0
Synth,0.0
Synthestech,12.0
Synthetics ai,3.0
Synthium health,5.0
T8coin,0.0
T8ex,3.0
Taas,10.0
Tachain,5.0
Tag world exchange,19.0
Take profit,27.0
Taklimakan network,4.0
Talao,20.0
Talent token,4.0
Talenter,1.0
Talenthon,12.0
Talentico,19.0
Talentsnap (preico),8.0
Tap project,0.0
Target coin,44.0
Taskfair,0.0
Tatatu,17.0
Taurus0x,6.0
Tavitt,3.0
Tawarruq token,15.0
Taxicash,5.0
Taylor,16.0
Te-food,8.0
Teambrella,2.0
Teamcoin,0.0
Teammate,2.0
Techbench,
Techspecs,
Teky,10.0
Telcoin,3.0
Teledactyl,4.0
Telegraf money,0.0
Telegram open network,2.0
Teleport,13.0
Telex ai,0.0
Telluria,31.0
Tempow (preico),22.0
Tend,4.0
Tensorbox,49.0
Tenx,7.0
Tenzorum,0.0
Terawatt (preico),39.0
Ternio,0.0
Ternion (preico),19.0
Teros,10.0
Terra virtua,2.0
Terraminer,0.0
Tesoro,13.0
Tetarise,11.0
Tettix,
Tewtew,6.0
Tezos,9.0
Tgic,1.0
Thai club coin,8.0
Thankyou,0.0
The 4th pillar (preico),5.0
The abyss (daico),0.0
The advertising currency,
The bee token,7.0
The company green energy,46.0
The deal coin,0.0
The digital reserve,0.0
The divi project,19.0
The forge network,3.0
The freedom coin,6.0
The globetoken project,2.0
The island,17.0
The legends room,
The main global bank,
The memessenger,1.0
The mill of blood,0.0
The number one dime,0.0
The praetorian group,13.0
The quantum resistant ledger,0.0
The rentals token (preico),14.0
The sun exchange,13.0
The token fund,2.0
The uxm,20.0
The veris foundation,14.0
Thefandome,2.0
Thekey,0.0
Themis,3.0
Theta network,8.0
Theworldnews,1.0
Thinkcoin,2.0
Thorentium,0.0
Thorium,17.0
Thought,9.0
Thrill,2.0
Thrintel market,2.0
Thrive,6.0
Thundercoin,
Tiberius,2.0
Ticko,0.0
Tierion,7.0
Ties.network,16.0
Tiger token,5.0
Tigereum,7.0
Tillbilly,3.0
Tilx,0.0
Time money (preico),4.0
Time new bank,6.0
Timebox,1.0
Tio tour guides,0.0
Tip blockchain,3.0
Tipbot (preico),
Tipper,0.0
Tita project (preico),5.0
Titanium blockchain infrastructure services,11.0
Tixguru,36.0
Tkeycoin,0.0
Tlpac,0.0
Tobigca social casino,1.0
Token changer,2.0
Token security scheme,0.0
Tokenai,0.0
Tokenaire (preico),2.0
Tokenbacon,0.0
Tokenbox,0.0
Tokencard,6.0
Tokengo,0.0
Tokenize emblem,2.0
Tokenlab,0.0
Tokenlend,10.0
Tokenloyalty,16.0
Tokenomy,14.0
Tokenpay,6.0
Tokens.net,0.0
Tokenspeed,4.0
Tokenstars ace,
Tokenstars team,8.0
Tokenstub,1.0
Tokes,0.0
Tokia,4.0
Tokpie,12.0
Tomahawkcoin,11.0
Tombcare,2.0
Tombola,3.0
Tomocoin,0.0
Tonercoin,4.0
Tontinetrust,48.0
Topiacoin,5.0
Topl,0.0
Toplancer,2.0
Tor-q-all,7.0
Torq,6.0
Torus distributed energy platform,8.0
Totum,
Touchtrader,
Tourcoin,
Towerbee,0.0
Tpx network,0.0
Trabet,
Traceto.io,0.0
Trackr,2.0
Tracoin,3.0
Trade pharma network,0.0
Trade.io,
Tradebit,0.0
Tradelize (preico),38.0
Trademindx,4.0
Tradeone (preico),25.0
Tradeplayz,5.0
Traderiser,2.0
Tradershub,14.0
Traderstars,18.0
Tradingene,60.0
Tradove,2.0
Trafficx,
Traid,9.0
Trakinvest,3.0
Transcodium,7.0
Transmission,0.0
Travelblock,5.0
Travelchain,2.0
Travelcoin,4.0
Travelertoken,4.0
Travelkoin,13.0
Travvil,0.0
Traxia,7.0
Traxion,22.0
Trecento blockchain capital,8.0
Treeec money,8.0
Trendit,32.0
Trends project,
Treon,6.0
Tresaro,1.0
Tresorio hub,14.0
Trevi token,0.0
Triaconta,51.0
Trial token,5.0
Tribetoken,
Tridentcoin,21.0
Triffic,4.0
Triforce tokens,4.0
Triggmine,5.0
Trigid,2.0
Triipmiles,10.0
Trillhub,0.0
Trilliant,0.0
Trimpo,10.0
Trinity,3.0
Tripago,0.0
Tripally,15.0
Tripbit,1.0
Trippki,4.0
Tripterium t50,54.0
Triumland,
Trive,0.0
Trivver,6.0
Triwer,6.0
Tru reputation network,8.0
True flip,4.0
True news,0.0
True reply,0.0
Truebit,5.0
Truedonate,
Truegame,1.0
Trueplay,0.0
Trufield,0.0
Trust cash,3.0
Trustabit (preico),3.0
Trustbar,0.0
Trustedcars flex (preico),12.0
Trustedhealth,6.0
Trustier,7.0
Trustlogics (preico),5.0
Trustverse,25.0
Ttc protocol,29.0
Ttcoin,18.0
Tubig blockchain,0.0
Tudorpay,1.0
Tuk tuk pass,4.0
Tuliptoken,3.0
Turbotradecoin,13.0
Tutellus,0.0
Tuurnt,1.0
Tv-two,4.0
Twixacoin,
Txhash network,3.0
Tycooncoin,6.0
Typerium,9.0
Tzero,0.0
U run it (preico),27.0
U.cash,0.0
Ubanx,8.0
Ubcoin market,7.0
Ubecoin,7.0
Uber food,
Ubex,18.0
Ubiatarplay.io,1.0
Uchain,7.0
Ucmg,
Ucoin,7.0
Ucoin cash,22.0
Udiar,2.0
Ufoodo,18.0
Uhive (preico),3.0
Uhub,0.0
Ukit,1.0
Ultrayolo,3.0
Ultrix,8.0
Ultroneum,
Umbrella coin,7.0
Umewin,14.0
Umka,14.0
Unbankedx,
Unboxed,3.0
Unchainet,16.0
Uncloak (preico),1.0
Unibit,
Unibright,1.0
Unic advertising network,22.0
Unicoin,5.0
Unidag,2.0
Unikrn,2.0
Unilot,0.0
Union,
Unitalent (preico),0.0
United traders,16.0
Unitedfans,7.0
Unityco,11.0
Universa,0.0
Universal brand,
Universal labs,41.0
Universal recognition token,18.0
Universal reward protocol (preico),2.0
Unolabo,
Upfiring,4.0
Upline,2.0
Uprightly,4.0
Uptick,
Uptoken,3.0
Uquid,10.0
Urallowance,0.0
Uranus,5.0
Urbit data (preico),6.0
Usat (preico),
Usdx protocol,
Usechain,14.0
Useless ethereum token,
Uservice,72.0
Utemis,12.0
Utile network,1.0
Utrum,3.0
Utrust,2.0
Uulala,3.0
Uunio,30.0
Uvidify,
V-coins,9.0
Vacuum,
Valena-svcoin,6.0
Valhalla,6.0
Valid,7.0
Validcoin,
Valorem foundation,9.0
Valpromise,2.0
Value coin,35.0
Value ticket coin,0.0
Valuecash,9.0
Valus,
Vanhealthing (preico),43.0
Vanig,10.0
Vanillaplay,1.0
Vantage token,49.0
Vanywhere (preico),0.0
Varanida,1.0
Varcrypt,9.0
Vasya,2.0
Vault,
Vaultbank,13.0
Vaultitude,22.0
Vdice,19.0
Vector,8.0
Vectorspace,19.0
Vectorzilla,5.0
Vega,5.0
Veio,5.0
Velix.id,10.0
Velper,9.0
Vena network,49.0
Vendex,0.0
Vendicoins,1.0
Ventana,3.0
Ventured network,2.0
Venus mine,12.0
Venusenergy,5.0
Veon,0.0
Verasity,21.0
Verdict,
Verif-y,
Verifier (preico),4.0
Verify,
Verifyunion,0.0
Verime,8.0
Veritas mining,42.0
Veritaseum,2.0
Vernam,20.0
Vertex,0.0
Verto exchange token,10.0
Verv (vlux token),12.0
Vesa token,6.0
Vestarin,2.0
Vestopia,27.0
Vexanium,5.0
Vezt,7.0
Viabet,18.0
Viarium (preico),5.0
Vibehub,1.0
Vibeo,0.0
Viberate,11.0
Viccoin,
Vice industry token,
Vicecoin,0.0
Vicoin,5.0
Victortokens,
Viddo (preico),8.0
Vidion,3.0
Viewly,4.0
Viewo,7.0
Vikky,0.0
Vimarket,9.0
Vinchain,2.0
Vinnd.io,0.0
Vio,3.0
Viola.ai,2.0
Vionex,2.0
Vip2fan,2.0
Vipe,0.0
Virtonomics,5.0
Virtual cash back,
Virtual reality games,20.0
Virtual rehab,2.0
Virtue poker,4.0
Virtutv,
Virus,
Viso,7.0
Vista fintech,0.0
Vitavisor,1.0
Vite,2.0
Viuly,8.0
Viva network,24.0
Vivalid,7.0
Vivid,7.0
Vl coin,0.0
Vlb,2.0
Vmc.ai,2.0
Vname,4.0
Voise,9.0
Volair,0.0
Volans,14.0
Vooglue,2.0
Vosai (preico),1.0
Vote coin,1.0
Votechain,9.0
Votem,0.0
Votes,0.0
Voxelx,3.0
Voxxo,9.0
Vr casino oko,1.0
Vr med,
Vr platform oko,3.0
Vrbtc,1.0
Vreo,12.0
Vrt,0.0
Vtos,2.0
Vtuur,
Vtuur,0.0
Vu (preico),17.0
Vuepay,2.0
Vuulr,20.0
Vyral,6.0
W green pay,0.0
W12,32.0
W3coins,0.0
Wabi,2.0
Wagerr,7.0
Wala financial platform,6.0
Wall street coin,14.0
Wallchain,0.0
Waltix,6.0
Wanchain,9.0
Wandx,2.0
Wardz,0.0
Warrantoken,13.0
Water to the world,0.0
Watermelonblock,15.0
Waves,0.0
Wawllet,1.0
Wcx,0.0
Wdx,0.0
Wealth migrate,17.0
Weare ecosystem,1.0
Webcoin,3.0
Webercoin,1.0
Webloc,45.0
Webn (preico),
Webuy,4.0
Weekend millionaires club,1.0
Weevocity,9.0
Wegold,0.0
Welcome to torus,2.0
Well,2.0
Welltrado,26.0
Wemark,0.0
Wepower,43.0
Westrendcoin,28.0
Wetrust,
Wha project,
Whalefund,22.0
Whalesburg,2.0
Whenhub,7.0
White crypto city,4.0
White rabbit,9.0
Whitestone coin,0.0
Whizz coin,
Whohas,
Whyral,0.0
Wi-fi global,8.0
Wic,0.0
Wikibits,8.0
Willtoken,2.0
Windenergymining,4.0
Winding tree,0.0
Windmill enterprise,3.0
Wings,2.0
Winiota,28.0
Winstars,4.0
Wire-x,0.0
Wireline,0.0
Wisepass,6.0
Wiseplat,5.0
Wisewolf,31.0
Wishcoin,5.0
Wishfinance,2.0
Witcoin,3.0
Witnet — decentralized oracle network,5.0
Wixlar coin ico,0.0
Wizebit,0.0
Wizzle infinity,0.0
Wmpro,4.0
Wolk,6.0
Wono (preico),10.0
Woodpellets,13.0
Woodscoin,3.0
Woolf (preico),18.0
Woonkly,3.0
Wordcoin,15.0
Workpress,1.0
World bit bank,2.0
World peace coin,4.0
World tourism,
World turtle coin,5.0
Worldcore,
Worldopoly,33.0
Worldwide asset exchange,0.0
Worldwifi,2.0
Wowoo,13.0
Wpp (preico),16.0
Wrio,8.0
Wto foundation,2.0
Wulet,0.0
Wyrify,
Wysker,8.0
X-block,0.0
X8 project,11.0
Xaos,0.0
Xaurum gamma,44.0
Xbit,9.0
Xbrick,0.0
Xcelr,0.0
Xchainge,4.0
Xchangecoin,0.0
Xchangerate,
Xchng,7.0
Xcov,34.0
Xdac,21.0
Xefocoin,1.0
Xels,3.0
Xemit,
Xenchain,0.0
Xenia lending coin,15.0
Xent chain,4.0
Xentavo,1.0
Xfermoney,1.0
Xinfin,0.0
Xinfin,9.0
Xinfinity,2.0
Xirkle,5.0
Xiwatt,6.0
Xmoneta,15.0
Xpa,0.0
Xred,26.0
Xriba,2.0
Xronos,6.0
Xrt,5.0
Xsure,3.0
Xtrd,8.0
Xwin cryptobet,0.0
Xyo network,10.0
Xzen,7.0
Yamzu (preico),6.0
Yanu,0.0
Yappadappadoo,2.0
Ydentity,3.0
Yellowbetter (preico),0.0
Yezcoin,0.0
Yggdrash,2.0
Yield coin,12.0
Yinc,1.0
Yizoot,5.0
Yodse,10.0
Yohocube,
Yondocoin,4.0
Yooping,5.0
Your data safe (preico),9.0
Youra,19.0
Yourblock,5.0
Youtoken,21.0
Yoyow,16.0
Ysign,0.0
Yuan developers coin,0.0
Yudi,0.0
Yumerium,9.0
Zabercoin,22.0
Zamanat,0.0
Zan coin,11.0
Zangll,2.0
Zantepay,3.0
Zap store,0.0
Zapit,0.0
Zaza (preico),10.0
Zealeum,0.0
Zebi,8.0
Zed (preico),0.0
Zeew,1.0
Zeex,25.0
Zelaacoin,3.0
Zempa,
Zen protocol,2.0
Zengold,2.0
Zenome,6.0
Zeon network,20.0
Zero carbon project,7.0
Zerobank,9.0
Zeroedge.bet,0.0
Zerostate,8.0
Zerotraffic,
Zeto,0.0
Zeus,3.0
Ziber,
Zichain (preico),10.0
Ziggurat token,0.0
Zilla,2.0
Zipper,0.0
Zloadr,5.0
Znaq,0.0
Znc,1.0
Zodiaq,31.0
Zonafide,0.0
Zonex esports platform,0.0
Zonto,1.0
Zpay network,0.0
Zper,0.0
Zrcoin,5.0
Zue,6.0
Zuflo,3.0
Zupply,5.0
Zwoop,4.0
Zxc exchange,0.0
Õpet foundation,6.0
﻿gcox,24.0
