0chain ,0.529361093
0penProductDB,0.353850996
0x,0.498298929
0xcert,0.651054791
100Tokens,0.4
108_Token,0.528571429
12SHIPS,-0.03047619
1APayment,-0.087873269
1KCoin,0.106888879
1World,0.549898227
1WorldBlockchain,-1
2100NEWS_ICO,0.561680225
22x_Fund,0.611207715
27v,0.596607928
2Key,0.441000686
300cubits_TEU,0.600709675
3cCoin,0.15599062
3D-Token,0.425123418
3DChain,0.644703998
3DES,-0.133333333
4ARTechnologies_(PreICO),0.414665247
4lions.pro,-0.161363636
4NEW,0.58885228
777.Bingo,-0.427289558
88_Coin,-0.25
8_Circuit_Studios,-0.036015413
A2B_Taxi,0.473237651
A7_Core,0.244505495
AAA_Coin,0.35
Aamicoin,-1
Aaramco,-0.024701934
AB-CHAIN,0.50027656
Abab,-0.280914156
AbacasXchange,0.422766798
Abele_(PreICO),0.571061201
AbjCoin,-0.037728831
ABL,-0.2
ABLE,0.044444444
ABR,-3.70E-17
ACA_Network,0.728080808
Academia_Lingu_(PreICO),0.7675
Academy,-0.137175134
Access_Network,-0.214948229
Accord_ICO,-1
Accounting_Blockchain,0.634347267
Acebusters,-0.254547003
Aceso,0.304037244
AchieveCoin,-1
Acme_Network,-1
Acomobase,0.522916667
Acorn_Collective,0.622615429
Acred,0.357894737
ACT,-0.4
Action_Coin,0.146087174
ACUDEEN,0.732467256
Acuitty,0.345454545
Acumen,0.7
AcuteCoin,0.75
Ad_Funnel,0.317645193
Adab_Solutions,0.657179768
ADAMANT_Messenger,0.088895525
Adbank,0.521465087
adCircle,-0.204761905
Addocoin,-1
AdEx,0.481444509
AdHive,0.4
Aditus,0.661612158
AdMine,-0.397727273
ADPUMP,0.408697794
AdRealm,0.542594064
Adshares,-0.59300412
AdSigma,0.363849723
adToken,-1
AdultCam,0.4
Advanced_Browsing_Token,0.448227445
Advanced_Miners,0.502410634
aelf,-0.150855998
AEN,0.251571058
Aenco_(PreICO),0.402959095
AERGO,0.611765205
AERO_Token,0.342184518
Aeron,0.455035819
Aeropoisk,-1
aeternity,0.215585479
Aeternum,-1
Aeternum_Coin,0.621287636
Aeternum_ICO,0.644609567
Aether_United,-0.321733845
Aexon,0.563697479
Affchain,0.112303908
AffiliateCoin,0.562527952
Africunia,0.66697986
AfterEther,-1
Afterschool,0.057142857
AGATE,0.363636364
Age_of_Dragons,-0.14
Agent_Not_Needed,0.318838081
AgentMile,0.745996731
AgreCoin_(CAN),-0.098332207
Agrello,-0.234512877
Agricoin,-1
Agrivita,-0.088556234
Agrolot,0.644160288
AgroTechFarm_(PreICO),0.656059331
Ahoolee,-0.325
AI_Crypto,0.690177272
AI_Opinion,-0.073305196
AiBB_(PreICO),0.559788696
AICoin,0.637414424
AIDA,0.430229769
AidCoin,0.302185822
Aigang,0.58180655
AIgatha,0.025515866
AIGCoin,0.571517919
Aigo,0.5022829
Aimedis,0.177142857
Aion,-0.353333333
Airbloc,0.448060886
Airchain_Network,0.056410256
AIRCOIN,-0.202945027
AIREN,-0.742857143
AIREXE,0.511866484
Airforce_Mining,0.408333333
AirPod,0.755558245
AIRSTAYZ,-0.202212717
Airswap,0.077557927
AirToken,0.60175268
AISI_Coin,0.610445206
Aitheon,0.404053397
AITrading,0.413290479
Akaiito,0.766021884
AKM_GLOBAL,0.211044077
Akropolis,-0.021052632
Aktie_Social,0.185451067
ALAX,0.677214733
Alchemy_(PreICO),0.567463752
AlchemyByte,-0.21
Aleef_(PreICO),0.082827768
Alehub,0.530340909
Alethena,0.323809524
Alfa-Enzo_(PreICO),0.273333333
AlfaToken,0.482027823
Algebraix_Data,0.331095301
algo.land,0.027994673
Algorand,-0.103369493
Algory_Project,0.27394958
Alicoin_Cash,-0.596689317
AligatoCoin,0.670727288
Alis,-0.257296659
Alive_Casino,0.517292998
AlkebulanCash_(One_Africa_Cryptocurrency),-1
All_Of_Art,0.45
ALLCARE_(PreICO),0.731666667
AllForMiner,0.103702902
ALLOY,0.709648886
AllPublicArt,0.579274813
AllSpark,0.124189519
AllSporter,0.370307732
AllStocks,0.280217356
Alluma.io,0.503473352
ALLUXE_(PreICO),0.507573999
ALMBank,0.597455194
Alphacon,-0.15979955
AlphaMarket,-0.244472934
Alphathereum,-0.1
Alt.Estate,0.732070025
Altair_VR,-0.067382344
ALTEUM,0.625403721
Altindex,0.588108449
Altocar,-0.46
altOWL,-1
Alttex,0.562395985
Alttradex,0.375
altumea,0.661371317
ALZA,0.9
Ambit,0.519593583
Ambrosus,0.56002631
AMCHART,-0.029959007
AMICORUM.LIVE,0.589468614
AMLT,0.157740619
Ammbr,0.573929594
AMO_Coin,0.701520871
Amon,0.765173805
Amor,-1
Amorito,-1
AMPLE!_Coin,-0.10092152
Anacoin,0.4
Angel_Token,-1
Ankorus,-0.353217356
Anna,-1
AnonHotels,0.125595238
Anonymous_Service_Chain,-0.066322983
Anryze,0.436562593
ANTAVIRA,-2.22E-17
Anti_Derivative,-0.261217219
ANTIMASS_ICO,-0.36
AntiqMall,-0.19859428
Anything_App,0.753312135
Aphelion,-0.079094137
APIS,0.171428571
APO_Finance,0.761696635
Apollo18,0.366373966
Apollo_DAE,-1
Apollo_Septem,0.579355555
Apollon,-0.250883877
ApolloX,0.583416875
Appay,0.133333333
AppCoins,0.628576352
APPICS,0.171428571
APRES,0.4
APX,-1
AQUA,0.680929121
AQUA_RIGHTS,-0.32
AQwire_(PreICO),0.669877904
Aragon,0.308920465
ARAW,0.627859321
Arbi,0.490039607
Arbidex,0.70386697
Arbitrage_Crypto_Trader,-0.5
ARC_Reserve_Currency,-0.450895337
Arcade_City,-1
Arcadia,-1
ARCALLIA,0.776336895
Arcblock,0.123328681
ArchiCoin,0.22
Arcona,0.623115786
Arcus_(PreICO),-0.04375
AREF,-1
Arena,-0.4
Arevalor,0.142857143
ARGO_Reality,0.000814168
Arianee,0.344827586
Arizn,0.307692308
Arkadia,0.5475
Arker,0.628608339
Armchain,0.086363636
Armor_Ceramics,0.106809281
ArmPack,0.002846931
ARNA_Panacea,0.122988525
ARQUTE_G.A.S.,-0.219444444
ARRM,-0.342857143
ARROUND,0.730552148
ArtChain_Global,0.406748454
Artemine,-1
Artex,-0.068096214
Artis_Turba,-1
ArtNoy,-0.6
ArtPro,0.669095444
ArtWook,-0.4
Arweave,0.35
ASOBI,0.410341046
Asset_Allocation_Token,0.785529312
Asset_Token,-1
Asseta,0.063157895
Assetbase_Foundation,0.036363636
Assetereum,0.795704646
Assetron_Energy,-1
Assistive_Reality_ARX,0.065425893
ASSPACE,-1
AstorGame,-0.23
Astoria_(PreICO),0.05
Astral,-1
Astral9,-0.282564103
ASTRcoin,0.254909974
Astronaut,0.333118536
Asura_Coin,0.460177828
ATB_coin,-0.201053066
ATFS_Project,0.445247629
Athena,0.380252415
Atlant,0.175366199
Atlantico_Network_(PreICO),0.446856782
Atlas_Network,0.56301821
Atmatrix,-0.217398256
ATMToken,0.437561886
ATN,0.121337087
Atomic_Network_(PreICO),-0.102210383
Atonomi,0.681909624
Atrix,0.375
Attention_Network,-1
Attrace_(PreICO),0.800414475
Auctus,0.420103746
Auditchain,0.686676579
Augmate,-0.392098497
Augmentors,-0.4
Augur,0.276871655
August927_(PreICO),0.701141731
Aurora,0.780153523
Aurora_Ecosystem,0.504545455
Aurum_(PreICO),-0.193055477
AuthenticID,0.595178322
Authoreon,0.513861325
Authorship,-0.4
AutoBay_(PreICO),0
AutoBlock,0.586363247
Autonio,-0.207796656
Autoria,-0.187646522
autorize,0.4
AvaGo,0.10247071
Avalon,0.475
AvantGarde_Ratings,-1
Avaqva,0.522105345
Avatar_Network,0.126666667
Avatara,0.507489359
Aventus,-0.135472534
AVINOC,0.440202386
AWAX,0.180100451
Aworker,0.443891261
AX1,0.434376003
AXenS,0.4
AXNET,0.56352526
aXpire,0.47629917
AXT,0.551035814
Axtrust,-0.085714286
B-Umbrella,-0.46
B21,0.607433535
B2AND,0.2
B2BX,0.128585146
Baanx.com,0.438517003
BaapPay,-0.06
BaaSid,0.122935141
BABB,0.558363159
BACE_Exchange,-0.109169198
Back_To_Earth,-0.283333333
Backpack_Travel,0.158098561
BactoAlarm,0.77502298
Baikalika,0.209646439
Bailsman,0.609277333
Balehu_Bucks,0.395860674
Baltic.fund,0.716694255
BaltiCrypto,0.545924465
Bamboo,0.544671862
Banana_Papa,-1
Bananacoin,0.229706863
Banca,-1
BancCoin,-0.208987456
Bancor,0.41690977
BandZ,-1
Bank4You,0.709464205
Bank_Of_Memories,-0.206578576
Bankcoin,-0.024434383
Bankera,0.792888915
BANKEX,0.373730393
Bankorus,-1
BannerCoin,0.098097229
BARTVault,0.32711258
Basic_Attention,-0.063281951
BASIS_NEURO,0.399574846
BATT_(PreICO),0.438270974
Battle_Ball,0
Battle_of_Titans,0.011325454
BattleDrome,-0.178669193
Bayan_Token,0.49755369
Bazista,0.2729906
BBiller,0.478784568
BCDiploma,0.496432037
BCG,-0.106016952
BCharity_-_International_Charity_Exchange,0.337275579
Bcshop,0.3875
Bdaq_(PreICO),0.572023478
BDCC,-0.216666667
BeANKH,-0.075
Beat,0.411154291
Beatle,-1
BEATRIX_(PreICO),0.540765086
BeautiQ,0.70468416
Beaxy_Exchange,0.32
BeEasy,0.593188062
BeefCoin,-0.477777778
BeeMedics,-0.37
beepnow,0.435822356
BEEQB,0.122094478
Beercoin,0.564107479
BeeSocials,-1
Beeton_DApp,-1
Befund,0.413076346
BehaviourExchange,0.744347846
BELDEX,-0.014773543
Belotto,0.675580382
Beluga_Pay,0.57370483
Benchmark,0.685759378
BenjaCoin,-0.110920777
BeonBOX,-0.22
BeOne,0.645428571
Berith,-0.224266629
BestMeta,-0.221909179
Bet_On_Chart_(PreICO),0.293758093
betboxAI,0.511726812
BETEX,0.414824217
Bethereum,0.61072494
BetKing,-1
Betley,0.613882923
Betmaster,0.516793147
Betrium,-0.068955365
Betstreak,-1
BetterBetting,0.667217946
Bettingwin,-0.88
Bettium,0.637714462
Beuthereum,-0.3
Beyond_Seen_Screen,0.678889464
Beyond_The_Void,-1
Bezant,0.565745069
BFEX,0.687454609
BFToken,0.306092147
BGX,0.519029822
BHOM,0.060807317
Bibox,-0.432342574
Bico,0.344219358
BidiPass,0.485226642
Bidooh,0.522336673
Big_Data_Block_(PreICO),0.658407183
Big_Data_Coin,-0.3
BIG_Foundation,0.285350423
BIG_Token,0.171428571
BigBang_(PreICO),0.513369228
Bigbom_Eco,0.175
Bilibit,-1
BILL_and_GO,-0.328
Billionaire_Token,-1
BillPoker,0.057142857
Binance,-1
Binary,0.266666667
BiNeuro,0.35
BINEX.TRADE,0.23367967
BINKD,0.165412727
BioCoin,-0.25
BioFactoryCoin,-0.252934366
Biometrids,0.311111111
Bionic,-1
BioPayCoin,-1
Bioritmai,-0.070091864
Biotor_Biomass,0.083333333
Biotron.io,0.640024547
Birake,0.46
BIRC,0.072163738
Birdchain,0.570463422
Bit-learn,-0.179870728
BIT.GAME,-0.059479835
Bit.team_Market_Place,-0.207333333
Bitacium,0.540009542
bitarq,-0.4
BitBoost,0.614482175
Bitbose,0.544117528
BitBounce,-0.367136774
BitCab_ICO,0.485410241
Bitcache,-1
Bitcademy_Football,0.476629771
BITCAPTERA,-1
BitCar,-0.289870244
BitCheke,-0.377777778
BitChord,0.696386112
BitClave,0.436021173
BitCoen,-0.095945315
BitCoin_Ichip,0.3625
Bitcoin_Quick,-1
BitCoinage,0.353846154
BITCOINUS,0.431979804
Bitcomo,0.254502657
BitConscious_Foundation,0.563393939
BitCQR,0.564538362
BitCrystals,-0.375
BitDegree,0.381960813
Bitdepositary_(PreICO),0.327272727
BitDice,-1
BitDouble,-0.363888889
Bitdrive,0.670201887
BiteCoin_Network,0.229696851
BitEsprit,0.612313141
BitEther,-1
Biteum,0.49388798
BiteX,0.326591512
BitFence,0.130538992
BitFerry,-0.213651937
Bitfinite,-1
BitForex,-0.140587391
BitGuild,0.517603649
Bithemoth,0.480330456
BitherCash,-1
Bitheum,0.050113298
BitHub,-1
BitImage,0.623196273
Bitindia,0.44458646
bitJob,0.616635338
BITLAB,-0.28
Bitlem_Network,-0.381092437
Bitlumens_(PreICO),0.605862126
Bitmag,-1
Bitmart,-0.109350473
Bitmillex,0.70690805
Bitminer_Factory,0.760022797
BitMinutes,0.406851912
Bitnation,0.511770464
bitNatura,-1
BitNautic,0.676630318
Bitnexa,-1
Bitney_(PreICO),-0.095380989
Bitnxt_Coin,-1
Bitpaction,-0.4
Bitpark_Coin,-0.000487918
BitPlay,0.600935324
Bitplus_Network,0.311111111
BitProperty,0.151861222
Bitquence,-0.368897806
BITRACE,0.509890198
BitRent,0.437866584
BitRewards,0.501603376
BITRUST,0.51023626
Bits_Digit,0.757142857
BitSchool,0.650993071
BitScreener,0.560762006
Bitsive_Exchange_(PreICO),0.643871647
Bitsmo,-0.13399887
Bitsoko,-0.68
BitSong,0.437518484
BitStump,0.609897727
Bitsync,-0.142786561
BITTECH_(PreICO),-0.202343011
Bittellux,0.668603532
Bitto_Exchange,0.436635068
Bittwatt,0.43206935
Bitway,-0.005769252
Bitwoex,-0.6
Bitxoxo,0.426107968
Bityond,0.573716417
Bixtrim,0.695464287
Bizavest_Analytics_Platform,0.338636429
BizShake,0.443759165
Black_Insurance,-1
Blackbox_Foundation_(PreICO),0.718256919
Blackfol.io,0.667625111
Blackmoon,0.226169135
BLAQ,0.457142857
Blinked,0.381028748
Block66,0.618768587
Block_Collider,-0.2
Block_Loan,0.519035095
Block_Sports,0.28
Block_Web,-1
blockarray,-0.4
BlockBank,0.580456797
Blockbid,0.735985159
BlockBits,0.4
BLOCKCASH,-1
BlockCAT,0.575885838
Blockchain.aero,-0.338700773
Blockchain.io,0.629672843
Blockchain_Capital,0.776133785
Blockchain_Neural_System,-0.153846154
Blockchain_Taxi,0.603959276
Blockchain_Technology_Research_Innovations_Corporation,0.2
Blockchain_Terminal,0.339701716
Blockchain_Traded_Fund,-1
BlockClick,0.172323567
BlockEx,0.72063772
BlockFood,-0.371348867
BlockGrain,-1
blockhive,-2.56E-17
Blockkonnect,0.434742867
Blocklancer,0.51562873
BlockLicense,0.438497486
BlockMason,0.093717474
BlockMesh,0.010555992
Blocknubie,0.372604117
Blockonomics,0.477987579
Blockpass,0.609001899
Blockpay,-1
Blockpit,-1
BlockRx,0.532906011
Blocksale,0.498479993
Blockscart,0.577781504
Blockshipping_GSCP,0.711729464
blocksquare.io,0.531168619
Blockstack,0.277291556
Blocktix,0.272133458
BLOCKv,0.549907264
Blockvest_(PreICO),-1
Blocnation,0.646304425
BlocVehicle,0.607652593
Blok,0.483315595
Bloom,0.299727141
BloomX,-0.022600197
BLOOMZED,-1
bloquid,0.245820614
Bloxia_(PreICO),0.31596228
Blue_One_(PreICO),-0.6395012
Blue_Whale,0.65945786
BlueGold,0.487532183
Blupass_ICO,0.436347571
Bluzelle,0.656821879
BM_Tokens,-0.169522572
BMChain,-1
BmyBit,0.524134495
BoatPilot,0.412809869
Bob's_Repair,0.315511508
Bodhi,-0.399312013
Bolenum,-1
BolttCoin,0.470087364
Bonafi,0.550426129
Bond_Film_Platform,0.618371347
Bondkick_Syndicate,0.633959243
Bonpay,0.662324742
Bonum,0.518119038
Boomstarter.Network,0.365762048
Boontech,0.526363636
Boosteroid,-1
BOOSTO_(PreICO),0.014521966
Bopti,0.683536076
Borneo,0.510020915
BotChain_(PreICO),0.646081038
BotGaming,0.44315677
Bouncy,0.464285714
Bountie,0.364140008
bounty0x,-0.391428571
Bounty_Angels,0.471288217
BOUTSPRO,-0.183563384
Bowhead_Health,0.465941764
Box2Table,0.4
Boíörser_(PreICO),0.082584598
Bpay,0.187808845
BPC_Platform,0.258119083
BrainerZ,-1
BRAT,-1
Bravocoin,-0.18125
Bread,-0.041402613
BREM,0.109401264
BricBit,-0.6
BrickBlock,-1
Bridge_Protocol,0.254602498
BrikBit,0.553962851
Brisk_Pass,-0.18734653
Brixby,0.526696932
Bronix,0.378723575
Browsers_Lab,-0.466666667
Bryllite,0.360137978
BTCsearch,-0.1
BTCWALL,-1
BTU_Protocol,0.678082807
Bubbletone,0.112674742
Bubblo,-0.359995027
Budbo,0.696270595
BuddToken,0.682519644
Buddy_(PreICO),0.768413826
BUFF,0.65355767
buglab,0.540485219
BUILDCoin,0.426153846
Builderium_(PreICO),0.697284419
Bulleon,0.570851056
Bulltoken,0.525822634
BunnyToken,0.236767604
BuratinoBS,0.786273956
Buron,-0.245928092
Buying,0.366392903
Buzcoin,0.481245308
BuzzShow,0.786332134
BWEX,0.761811504
BX.BET,0.645146716
ByteBet,0.576024263
Bytemine,0.246230122
Bytom,-0.092900792
bZx_(PreICO),0.755452511
C3C.Network_(PreICO),0.542636852
Cacao_Shares,-0.332683557
Cache,0.223076923
Caerus_Connections,0.228571429
CafeCoin,-0.115142695
Cajutel_Sarl,0.644564464
Callback_Plus,-1
Caloriecoin,0.527400981
CamOnRoad,-0.11
CamX,-0.07
Canabio,0.019092129
Canlead,0.418181818
cannabisfarm.io,-1
CanYa,0.527191342
Capdax,0.442726834
Capital_(PreICO),-0.271851852
Cappasity,-0.004909633
CAR_Token_(PreICO),-0.304875096
Carats.io,0.458258504
carblox,-1
Carbon_Dollar_X,-1
carboneum,0.605229724
CARCO,0.212086436
Cardium,0.1
Cardstack,0.266400254
CareerXon,-0.100680079
CAREONchain_(PreICO),0.686016021
CareX,0.468846744
CargoCoin,0.517903371
CargoConX,0.728787543
CargoX,0.568651607
Carmel,0.3
CarTaxi,-0.080932906
Cartel,0.35432409
Cartographeum,0.245493075
CarVDB,-0.180380189
carVertical,0.635703159
Casagram,-0.1375
Cash_Poker_Pro,-0.125147897
Cashaa,0.361683283
CashBag,0.619668213
CashBet,0.609711223
Casper_API,0.612947503
Caviar,0.515365673
CBDoken,0.54125444
CCA,-1
ccore,0.372666717
Cederis,0.24
CEDEX,0.583249595
CEEK,0.596066752
Celes_Chain_(PreICO),0.606442175
Celestial_Coin,-0.4
CellBlocks,-0.1
Celsius,0.557805738
Centareum,0.549968884
Centaure,0.465306122
Centra,0.095399332
Certore,0.595368297
Ceyron,0.655254644
CFighters,0.333333333
CFRS,-0.107501102
CFun,-0.341111111
CGCX,0.330619534
Chain_ID,0.784015244
Chain_Works_(PreICO),-0.556546225
Chainium,0.523534667
ChainLink,-0.307538429
ChainRepublik,-0.69
ChainTrade,0.58833397
Change_Bank,0.728178826
ChanJinn,0.14975369
Charg_Coin,0.389496342
Charitize.click,-1
charitySPACE,0.413351915
Chatello_App,-0.091394711
CheckCar,0.393495061
CheckitsReal,0.56647967
CHEK,-1
Chelle_Coin_(PreICO),0.372001262
Cherepovets_pipe-rolling_plant,-0.029254266
CHERR.IO,0.577218111
CHEX,0.670409477
chiliZ,-1
Chimaera,-1
Choon,0.50699886
Chozun,0.480835893
Christ_Coins,0.473751076
Chrono_Logic,-0.126150599
ChronoBank,-0.015377217
CHRYSOS,-1
Chubex,0.421806164
Chynge.net,0.649940517
CI_Chain,-0.070468281
Cibus,-0.342857143
Cindicator,0.623587874
CINDX,0.248804595
CinemaWell.com,0.505250813
CIRCLE,-1
Circleflowstoken,0.014285714
Circles,-0.4
Citicoin,0.4
Citizen_Health,0.491700356
Citowise,0.282144303
Civic,0.071428571
Clairety_Inc.,0.448725363
Clarity_Project,0.35
Clash&GO,0.585745312
ClassyCoin,-1
ClearAid,0.497807051
ClearPoll,0.42055383
Clears,0.076836224
ClickableTV,0.3375
ClickAuto,-0.571428571
ClickGem,-1
Clickle,-0.06514987
Climatecoin,0.536327766
Clinicoin,0.575786781
ClinTex,0.591092361
Cloudbric,0.459400258
CloudFish,0.661207201
CloudMoolah,0.338461538
Clout,0.637230485
CMBT,0.292619132
Coal_Coin_(PreICO),0.074638597
Coal_Industry_Coin,0.3738548
Coalichain,0.327045782
COBINHOOD,0.565050216
Cobol_Network,-0.242857143
Code_of_Talent,0.636194483
CodeTract,-1
Codex,0.610343372
CODSET,-0.481818182
Cofound.it,0.418915599
Coin_Analyst,0.419527315
Coin_Mine_Australia,-0.211111111
coinadvisor,0.478756786
COINANX,0.262920877
CoinBet,-1
CoinCasino,-0.4
CoinCrowd,0.043076923
COINDAQ,0.394865461
CoinDash,-1
CoinDrive,0.251049658
Coinepic,-1
Coinet,0.754589141
Coinfer,-1
CoinFi,0.627157148
Coingrid,0.498067566
CoinHealth,0.591239946
CoinJanitor,0.104467471
CoinJob,-0.152332533
Coinlancer,0.558616209
CoinLion,0.537751276
CoinLoan,0.580510731
CoinMarketAlert,-0.357945296
CoinMetro,-0.253333333
Coinnec,0.183333333
Coinnup,0.675517094
CoinOil,-0.094073484
CoinPennant,0.3125
CoinPlace,0.325419911
CoinPoker,0.532166408
Coinquiztador,0.766436139
CoinSeason,0.474886584
Coinseed,0.272727273
CoinSelf,-0.552380952
CoinStarter,-0.066666667
Coinstocks,0.764681739
CoInsure_Blockchain,-1
Cointed,-0.557221622
Cointify,-1
CoinTour,0.12
Cointrade,0.4
Cointradebase,0.523028564
CoinUs,0.162248595
Coinvest,0.464052973
Collegecoin,0.250907964
Colu_Local_Network,0.49244137
CommerceBlock,0.603437589
COMMITGOOD,-0.192287626
Compcoin,-1
COMSA,-1
concertVR,0.397155951
Concierge.io,-1
Conda,-1
Confideal,0.081818182
Conn3x,-1
Connect,-1
connect_social,-0.573130323
Connectius,0.315384615
ConnectJob,0.027629204
Connecty.io,0.733461159
Consensus,0.365584416
Consentium,0.587235838
Consolo,-1
Constellation,0.709502297
ConsultEth,-0.085264758
Conterium,-0.323351595
Contractium.io,0.088292003
ContractNet,0.625471105
ContractVault,0.33380008
Conventment,0.787083217
CookUp,0.436922781
Cool_Cousin,0.637361201
CoooCoin,0.306227492
Cooperative_Exchange,0.003839908
CopiCo,-0.4
CopPay,0.356792703
Copy_Trader,-0.057142857
Copytrack,-0.08
Coral_Health,-1
Coralex,0.216263153
CorCom,-0.248736531
Corex,-1
Corion_Platform,0.184512383
Corl,0.693590216
Cornucopia.io,0.529934462
Corusblock,-1
Cosmecoin,0.621247875
Cosmochain,-0.028186853
COSS,0.284690231
COTI,0.570097465
CoTrader_(PreICO),0.715350835
CottageCoin,-0.266666667
Countinghouse_Fund,0.63742177
Covalent_Coin,-1
Cove_Identity,0.630546587
Covesting,0.426157407
CoVEX,0.649344584
CPChain,-0.234052411
CPOLLO,0.275126807
CPROP,0.551370427
CraftR,0.221201849
Craider,0.715453138
Crassula,-1
Crazy_Shapes,-1
CrazyBET,0.008363637
Creatanium,-0.131213206
Creator.ai,-0.6
Creditcoin,0.500357864
Creditor_Data_Platform,-1
CREDITS,-1
Cremit_(PreICO),0.737703069
Crestonium,0.006466897
CriptoHub,0.708378742
CROMhub,0.287142857
Cronuscoins,-1
CrossHedge,0.667615217
Crowd-Up,-1
Crowd_Crypto_Fund,-0.279120879
Crowd_for_Angels,0.658651984
Crowd_Machine,0.472058719
CrowdCoinage,0.279149422
CrowdDrive,0.4
Crowdholding,0.445960849
Crowdif,0.189307011
Crowdnext,-0.181492774
CrowdPrecision,0.622142522
CrowdShareMining,0.160393023
Crowdstart_Capital,0.169387674
CrowdToken,0.543587825
Crowdvilla,0.665159065
CrowdWiz,0.505398927
CruCoins,-1
Cruisebit,-0.361011842
CRWD_Network,0.425932381
CRYCASH,0.701444368
Cryder,-0.32
CryoCloud,-1
CryoGen,-0.7
CrypStock,0.413072904
CryptalDash,0.642049216
Cryptassist,0.635142428
Cryptaur,0.131077206
Cryptectum,0.556039832
Crypterium,0.694110259
Crypterra,-0.6
Cryptex_Network,-1
CryptF,0.4
Cryptfunder,0.607463502
Cryptics_(PreICO),0.641744309
crypto.tickets,0.232135632
Crypto20,0.709426614
Crypto_Angel,0.709193715
Crypto_Asset_Rating,0.599646149
Crypto_Cashback_Rebate,0.600418702
Crypto_Credit_Card,-0.263322488
Crypto_Hunt_Game,0.306666667
Crypto_Improvement_Fund,-1
Crypto_Trust_Network,-0.55
CryptoABS,0.4
CryptoAds,0.361842105
CryptoAlias,0.4
CRYPTOARB,-0.3
Cryptobike,-1
CryptoBite_Coin,-1
CryptoBnB,0.571155663
Cryptocean_(PreICO),0.438877999
CryptoChip,0
CryptoCopy,-0.55
CryptoCurve_(PreICO),0.4
CryptoDime,-0.367134127
Cryptodruid,-1
Cryptofitnessclub,-0.15
CryptoFlix,0.4635022
CryptoForecast,-0.4
CryptoFund,-0.234952077
CryptoGlobal_Markets,0.488536497
CryptoHawk,0.157268536
CryptoHIT,0.373197762
CryptoISBN,-1
CryptoKami,-1
CryptoLeaf_(PreICO),0.648592419
CryptoLink_Network,0.572345698
Cryptoloans,0.380885072
CryptoMillionsLotto,0.613995332
CryptoMuseum,0
CryptON,0.60251576
CryptoNationz,-0.327018601
Cryptonia_Poker,0.686318455
Cryptonod,-1
CryptonsGame_(PreICO),0.756715922
Cryptopay,0.567066991
CryptoPing,-1
CryptoPolice,0.386749001
Cryptopus,0.555278091
CryptoRevolution,0.231844324
Cryptoriya,0.062173613
CryptoRobotics,-0.033333333
CryptoSoft,0.390018969
Cryptosolartech,0.556180636
CryptoSouk,-0.147093518
CryptoStarter,0.3375
Cryptotask,-1
Cryptov8_(PreICO),0.714746483
CryptovationX,0.426242135
CryptoWorld,-0.39010989
CryptoXpress,0.627595206
Cryptoya,0.133333333
CryptoYacht,0.589670935
CRYPTTO,0.412475435
Cryptum,0.378032032
Cryptyk,0.718906435
Crypviser,-0.4
Crystal_Clear,0.183083822
CRYSTALS,0.346666667
CRYX,0.55452381
CSAToken,-0.365714286
cubaaz,-1
CUBE,-0.4
Cube_Chain,0.337194356
Cubomania,0.52675739
Cultural_Places,0.4
Curacoin,-1
Curaizon,0.772745195
Cure_Cosplay,0.618301478
CurrenExchange,0.114285714
Current,0.4
Custom_Deal_(PreICO),0.649196902
CustomCoin,0.590432535
CVerification,0.4
CVProof,0.641665999
Cyber_Capital_Invest,0.288888889
Cybercoinium,-1
Cybermiles,0.430688882
CyberTrust,0.271774198
CyberX,-1
CyBit,0.684942562
CyClean,0.667457661
CycloShieldCoin,-0.104545455
CYO,0.490545455
Cypher,-1
Cypherium,-0.156685261
CyteCoin,0.346401049
CZero,0.610300664
D-Zone,-0.4
DACC,0.664233239
Dacxi,0.575484119
DADI,-0.2
DAEX,-0.055138171
DAFZO_ICO,0.566199148
Dailycoin,0.407636754
Daneel,0.511792078
Dank_Signals,-1
DANS,0.4
DAO.casino,0.037606971
DAO_Playmarket_2.0,0.14549587
DAOstack,0.49633235
Daox,0.551639758
DapCash_(PreICO),0.229810199
dApp_Builder,0.181818182
DarcMatter_Coin,0.635270825
Darcrus,-1
Darenta,0.238681524
DARFChain,0.05595572
Darico,0.461967858
Daseron,0.000789845
Dashing,0.011111111
Dashlite,-0.188734938
Data_Trading,0.243934049
Datablockchain,0.718834015
DatabrokerDAO,0.530522521
Dataeum,0.717308715
Datareum,0.695011379
Datarius,0.359011919
DATAVLT,-0.259734452
Datawallet,0.45970889
DatEat,0.609816447
DateCoin,0.692288746
Dating_With_Benefits,0.776729331
Datum,0.599690394
DATx,0.000970099
DAV,0.578663613
DAWQ,-0.4
DAX,0.400661394
Dbrain,0.644154173
DCC,0.202003482
DCentral_Capital,0.35370346
DCoin,0.235977999
DCX,-0.6
DDToken,-0.218293184
DealBox,0.394268276
Debitum_Network,0.623922417
Decem_(PreICO),0.462637363
DECENT,-0.230179236
Decentraland,0.297365123
Decentralend_-_JUST_PRIORITY_LISTING,-1
Decentralized_Escrow,-0.105263158
Decentralized_ID,0.466716921
Decentralized_Machine_Learning,0.627618485
Decentralized_News_Network,0.669315123
Decibels,0.142857143
DeckSwap,-0.1
DeCoin,0.075
DECOIN_(PreICO),0.503486706
Deedcoin,0.499645639
DEEP_AERO,0.794141716
Deep_Gold,0.222232791
DeepBrain_Chain,0.446044453
DeepToken,0.099658814
DeepWater_Treasure_Recovery,0.839869988
Deex,-0.182210829
DeFund_Project,-1
DeHedge,0.172727273
Delicia_(PreICO),-0.244689711
Deliverers_Power_Token,-0.159650858
Delphi_Systems,-0.2
DELTA_(PreICO),-0.210849279
DenAR,0.47250118
Denaro,-0.107467474
DenchMusic_(PreICO),0.682088419
DenCity,0.252753517
DeNet,0.436503266
Dent,-0.112975656
Dentacoin,0.547267155
DentalFix,-0.231818182
Dentix,0.51443645
Depository_Network,0.583809013
Dermavir,0.456859542
Descrow,-0.064896678
DESICO,0.784095106
DeskBell_Chain,0.67125351
DestiNeed,0.303
DestineyAI,-0.511620125
Desto,0.183504321
DeStream,0.454623413
Dether,0.547104809
Developeo,0.585840049
Devery,0.488072947
Devnetwork,-0.294963378
DFINITY,0.04
DFS,-0.52
Dharma,-1
Diamond_Guard,0.126402009
Dibbs,-1
DICE_Money,0.654077176
DICEGAME,0.806937697
DIG_Coin,0.566089191
DigiDex,0.654502988
Digipharm,0.634950461
DigiPulse,0.528956316
DIGIT_Coin,-0.713043478
Digital_Credit,-0.019295917
Digital_Developers_Fund,0.412319624
Digital_Ticks,0.569654839
Digiters_network,-0.325
Digitex,-0.086593671
Digithoth,-1
Digitize,0.544017731
DigixDAO,-1
Digmus,0.1
DIMCOIN,-0.3
Dimensions_Network,-1
DineroCoin,-0.0088743
Dinnerful_Network,0.189366953
DINNGO,0.636715947
DINO,0.532884091
DirectHome,0.4
DISCIPLINA_by_TeachMePlease,0.497546459
Discoveroo,-0.312794118
DiscoveryIoT,0.643971338
DisLedger,0.4
district0x,-0.211493921
Districts,0.698569708
Ditry_Coin,-1
Diveco_Logistics,0.285291373
DIW_Token,0.599840292
Dizcovery_Network,0.076923077
DLS_Academy,-1
DMarket,0.699080881
DNAtix,0.483803647
DNX_Community,-1
doBETacceptBET,0.248905239
doc.ai,0.590941747
Doc_Coin,-0.121020408
Docademic,0.568347268
Dochain,-0.133333333
dock.io,0.736224453
Docnota,0.026688559
DocTailor,0.565375136
Doctor_Oss,-0.25
Doctor_Smart,0.559968115
Documo,-0.10225151
Doft,0.5345005
Dogezer,0.578529277
DogRacing,0.25
DOLECOIN,-1
Dolos,-1
DolphinBI,0.227351518
Dome_Platform,-0.027500859
Dominium,-1
DomRaider,0.498455209
DomusCoins,-0.08
Dopameme,0.282797797
Dopamine,0.1
Dorado,0.791025819
Double_Land,0.525305121
DOVU,-0.805559573
DOX.NETWORK,-0.091516333
DPLAY.GG,0.293337448
DPRG,-0.803125
Drac,0.501074115
Dragon,0.332384213
Dragonchain,0.631993647
Dragonglass,0.780570019
DRCG,-0.022661074
DREAM_(PreICO),0.669402853
Dream_Real,0.717306781
DreamBit,-0.4
DreamTeam,0.538991418
DREP,0.49356062
DressCode,6.94E-18
Driiven,-0.103154426
Drivero,-0.35
DRIVR_Network,0.011142857
DropAnswer,0.115297072
DropDeck,0.608739431
Dropil,0.264698235
Droplex,-0.116666667
DST,0.4
dStadia,0.1
Dubailancers_Token,0.442351209
Dubtokens,0.383844059
DUCATUR,0.587142358
dueltoken.io,-1
Dusk_Network,0.451218217
dutyof.care,0.182790037
DxChain,-0.003035936
Dylyver_(PreICO),0.466161781
Dynatiq,-1
DYNO,0.534785596
Dysnomia,-0.2
e-Chat,0.528241544
e-Pocket,0.109090909
E4ROW,-1
Eagle_Project,0.605071495
Earth_Token,0.683306744
EarthCycle,0.4
Earthmedz,-0.141277747
Easyfast,-0.4
EasyGuide,0.127272727
EasyLife,-0.334065934
EasyMINE,-0.4
EatMeCoin,0.679791635
EBCoin,0.67578179
eByte_(PreICO),0.500993196
echarge.work,0.53911315
ECKO_Coin,-1
Eclipse,0.33045977
eco-NAN,0.095555556
EcoBit,-1
EcoGreenHouse,-0.143333333
eCoinomic,0.531915767
ECOMI,0.571847532
EcoPole.farm,-0.333333335
ECOS,0.143031572
EcoStart,0.387636671
EcoToken_Blockchain,-0.016666667
EcoVerse,0.10116835
ECTA,0.272222222
ECX_Exchange,-0.4
EDEN,0.648484452
EdenChain,0.512722055
Edgecoin,0.45466357
Edgeless,-1
Educoin,-0.233333333
Effect.AI,0.463879673
efir,0.367250757
Egretia,0.346436991
ehab,0.535965351
eHarvestHub,0.418787059
eHealth_First,0.090802014
EHO,0.468723887
Eidoo,0.726150867
EIPlatform,0.498440682
EiraCube,-1
EjaCoin,0.670005229
eKash,-0.417802695
EkkBaz,0.747692812
Ekspa,0.221428571
Elastos,-0.194766624
ELBYTE_NETWORK,-1
ELCoin,0.462451446
Electrify.Asia,0.392751504
Electrominer,0.580130035
Electroneum,0.42830158
Elementh,0.583575027
Elepig,0.691671734
Elige.re,-0.057142857
ELIGMA,0.678260071
Ellcrys,0.4
eLocations,0.4
Eloplay,0.646320574
ELPIS,0.625237256
Elrond_Network,0.45139902
eLYQD,0.344218314
Elysian,0.77511712
Emanate,0.390060014
eMarketChain,-0.032168341
Embermine,0.077777778
Embleema,0.587271063
EMI_Foundation,-1
EMINENT,0.512252178
Emiratecoin,-1
EMMARES,0.321926969
Emphy,0.807875661
Empire_Card,-1
Empleos.io,0.379122191
empowr,0.240884866
Emrify_Health_Passport,0.755947598
EMU_Project,0.259021221
EMX_(PreICO),0.475248405
Emyron_Coin,0.4
Encrypgen,0.29244898
EncryptoTel,0.534814815
ENDO_Protocol,0.169047619
Endor,0.4382639
Enecuum,0.174702778
Energi_Token,0.428342795
Energizium,-1
Energy_Premier_(PreICO),0.417139296
ENET_Network,-0.6
Engagement_Token,0.677376744
EnGameChain,-0.333333333
Engraved,-1
Engyo,0.112769281
Eniac_Network,0.686459447
Enigma_Catalyst,0.119903264
Enjin_Coin,0.501118918
Enjoy_Life,0.15
Enkidu,0.612715977
Enkronos,0.340190642
EnLedger,-0.142876958
Enlte,0.4
Enrgzine,-1
ENS.BID,0.4
ENTRY,0.174329502
Envienta,0.36996808
envion,-0.182293363
Envoy,0.656625118
Enzym,-0.376156228
EON_Protocol,0.407820518
EOS,-0.55
EOS_Auction,-0.072614334
ephelants360,0.801082042
EpigenCare,0.33
EPIKTOKEN,0.29282012
Epiphany,0.133333333
EPOCH,-0.294270557
Epocum,0.698246716
EPOS,-1
EPowChain_Ecosystem,-0.4
Epsilon,0.1
EQI,-0.177335331
Equadex,-0.177474803
EQUI,-1
Equibit_Group,0.361429624
Equitybase,0.576191091
erachain,-1
Eristica,0.488346353
ERN,0.696130263
Eroiy,0.418576337
Erotix,-1
ERPCOIN,-0.054545455
EscapeToken,0.138755646
EsperanToken,-0.2
eSports,0.372848792
ESR_Wallet,-0.302485436
Essentia,0.780690705
Estate_Coin,-0.4
EstateX,-1
EtainPower_Token_ICO,0.421547401
eTardis,-1
Etcetera,0.34
Etch,-1
Eterbank,0.342013847
ETERBASE,0.292987078
Eternal_Trusts,0.4
ETH_Lottery,-1
ETH_Travel,0.617967969
ETHACE,-1
Ethbet,-1
Ethbits,-1
EthBooks,-0.053490713
Etheal,0.66958587
Ethearnal,-0.2
Etheera,0.496571633
Ether_Legends,0.4
EtherAce_Speculation_Platform,-1
EtherCom,0.433414567
etherecash,0.609449563
Ethereum.link,-1
Ethereum_High,-1
Ethereum_Metal,-1
Ethereum_Movie_Venture,-0.4
Ethereum_Slot_Machine,0.004335063
Ethereum_Sweepstakes,-1
EtherFlyer,-1
EtherInc,0.652217709
Etherisc,0.383868757
Etheriya,-1
EtherJack.io,-1
Ethernal_Heroes,0.479059995
ETHernitymining,0.428435396
Etheroll,-1
Etherparty,-0.113774751
Ethersocial,-0.092931341
EtherSpin,0.475
EtherSport,0.462599309
EtherSportz,0.642831708
Etherty,0.446666667
EthicHub,0.497271718
EthLend,0.406880399
Ethoasis,0.1
Ethorse,-1
Eticket4,0.483306403
Eurocoinpay,0.556834769
European_Crypto_Bank,-1
EVA,0.62591248
EvaCoin,-0.8
Evareium,0.665430444
EVEN,-0.4
EventChain,0.449148407
EventJoin,0.43375
EventRabbt,-1
Everex,0.167348717
Everid,-1
EverLife.AI,0.470660699
Evident_Proof,0.68606077
Evitan,-0.325
EVO,0.608830581
EvoChain,0.54134165
eWaiter,0.64254855
Exbitrade,-0.3125
Excalibur_OS,0.619025035
EXCHAIN,0.658765578
Exchange_Union,-0.188614536
Excoins_Exchange,0.730235615
Exenium,0.483333333
EXIMCHAIN,-0.3
eXMR,-1
EXOCHAIN,0.507805017
EXOCOIN,-1
Exolover,0.3
Expercoin,0.565553812
Experimental,-0.20192414
Experty,0.388263714
Explorio,0.463959385
Exscudo,0.111879021
ExsulCoin,-0.11533721
ExToke,0.356622598
Extra_Credit,-0.211027838
Extrabit,0.700059617
EXTRADECOIN_(PreICO),0.755340392
ExtraLovers,-1
Extreme_Sportsbook,-1
EyeGlob.Net_(PreICO),0.687844036
EZ_Exchange,0.531624701
EZeeBUY,0.564031507
EZMarket,0.4
EZPOS,0.702607534
Faba_Invest,0.662325175
Fabric_Token,0.736258877
FaceCoin,-0.64
Faceter,0.597119365
FactR,0.253380301
FAIMA,-0.134387546
Fair.Game,-1
Fair_Ninja,0.536963615
Fairgrounds,-1
FairWin,0.489363903
FamilyPoints,0.399069082
Fan360_(PreICO),0.578238853
Fan_Controlled_Football_League,0.60500855
Fanfare,0.4
FansUnite,0.430220966
FANTOM,0.480609355
FAPcoin,-1
Farad,-0.146071603
FarmaTrust,0.699727809
Fast_Access_Blockchain,0.603437823
FAST_INVEST,0.469088991
Fatum,0.496926989
Faxport,0.746517836
FAYTHE.IO,-1
Feast_Coin,-0.285547798
Feedchain_(PreICO),0.460055823
FemaleToken,-0.333333337
FENIX.CASH,0.625963915
Fern_(PreICO),0.546133776
Fiancia_Coin,0.496682516
FIC,0.154682176
FIC_Network,0.286047226
Fida,-0.256168594
Fidcom,-0.8
Fidelium,0.557486162
fidentiaX,0.652852124
Fiinu,0.663957569
Filecoin,-0.300559441
Filipcoin,-1
Filotech,0.273333333
Finamatrix,-0.148894522
Find.Exchange,0.556698617
Findafixr,-0.167923146
FineCoin,-1
Finix,-1
Finom,0.396146135
FinShi_Capital,-0.150899019
FinTab,-0.150311401
FintechFans,0.625768443
Fintechnics,0.633955908
FintruX,0.659963606
FINX,-0.189392826
Fire_Lotto,0.404381357
Firmo,0.577768582
First_Crypto_ETF,0.260823966
FirstBlood,-1
Fissacoin,0.563251736
FIT_Token,0.4
Fitrova,-1
FitVitalik,-1
FiveStarMiningNetwork_(PreICO),-0.471111111
FIXY_NETWORK,-1
Fizcal,-0.4
Flashmoni,0.565996898
FlipNpik_(PreICO),0.74996511
Flixxo,0.588713278
FLOGmall,0.123811622
Fluence,0.36366018
Fluon,-0.6
FLUX_Token_Sale,0.287694499
Fluxorin,-0.017118176
Fluzcoin_(PreICO),0.599108825
FluzFluz,0.534130814
flyCARE,0.029583645
Flyp.me,-0.2
FOAM,0.207375114
folio.ninja,0.691428571
Follex,0.601266214
Follow_Coin,-0.19932635
Fondocoin,0.555952381
FoodCoin,0.309484568
Foodimus,-1
FoodNation,0.4
FOP_Coin,-1
Forecast,-0.191662362
Foreground,0.541381375
Forest_Foundation,0.402380952
Foresting,0.671109624
Forever_Has_Fallen,0.626244264
Formosa_Financial,-0.041703169
Fornicoin,-1
Fortitude_Ranch,0.42
FortKnoxster,0.575185657
Fortuna,0.603294744
Fortunetoken,-1
Forty_Seven_Bank,-1
Fox_Trading,0.435819086
FoxCasino,-0.378571429
Fr8_Network,0.525264606
Fractal_Token_CrowdSale,-0.2
Frasindo,-0.103769468
Free_Market_Token,0.608004161
Freed,0.469642857
Freedom_Streaming,-1
FReeStart_(PreICO),0.674291298
FreeZone,0.540564816
FRELDO_(PreICO),0.625750679
FRESCO,0.573470927
Friend,0.373333333
FriendsFingers,-1
Friendz,0.728576652
Frink,0.360714286
froshfeel,-0.136321961
FruoCoin,-0.3
FTCoin,-0.625
FTEC,0.680732774
FTV_Coin_Deluxe,0.501500053
FTW,0
FuckToken,-1
FUELDApp,0.033333333
Fujinto,-1
Fund_Platform,0.242430875
Fund_Yourself_Now,-0.233103861
Fundaria,0.085841444
FundersToken,-1
FundFantasy,0.676187822
FundRequest,0.342604057
FunFair,0.385014824
Further_Network_(PreICO),0.656197803
Fusion,0.467283765
Futourist,0.589316035
Future_Coin_Light,-1
FutureWorks_Token,0.771596037
FuzeX,0.126552636
FXPay,0.536632356
Fysical,0.576492079
G-Global,-0.23180378
Gabro,0.185299522
Gagapay_Network,0.766605672
Gainz_Token,0.206349206
Galactikka,-0.176193548
Galaxy_eSolutions,0.276923077
Galion.io,0.539234102
Galleon_Quest,0.372687601
GAMB,0.776268262
Gamblica,0.575694015
Game.com,-0.143374081
Game_Gold,0.379914094
Game_Machine,0.469113624
Game_Protocol,0.608490646
Game_Stars,0.885663124
GameCoin,-0.4325
Gameflip_-_FLIP,0.612739958
GameReward,-0.36
GameX,-0.533333333
Gamico,-1
Gaming_Stars_(PreICO),0.1
Gamity,-0.31
GANA,-0.4
GAPro_(PreICO),-0.489183673
Garnet,-1
Garuda_Energy,0.387047673
GasCompressorCoin,-0.354807692
Gastery,0.559962951
Gastro_Advisor,0.689989358
GATCOIN,-0.039442734
Gaus,0.394612691
GAWOONI,0.516808254
GazeCoin,-0.104477736
GBX,0.635290503
GDPR.Cash,0.439099237
GECKO_Crypto1,0.429916271
Geeba,0.559760058
Geekzcode,-0.007681221
Geens,0.595330125
Gelios,-0.4
GEMERA,0.615587551
Gems,-0.119169555
Gemstra,0.758287772
Genaro,-0.299457963
genEOS,0.4
Genesis,0.4
Genesis_Space,0.2
Genesis_Vision,0.62023765
Genesis_World,-0.4
Genevieve_Gx,-1
Genevieve_VC,-0.272727273
GENEXI,0.371367475
GenieICO,0.564419062
Genuine_Fashion,-0.475
GeoFunders,-0.357142857
GeoManna_(PreICO),-0.12
Germoney,0.368003767
Gese_(PreICO),0.636247199
Get_Do_It,0.185714286
Getline,-0.4
GFC,-0.3
GGRocket,0.439419175
GGX,-0.012386115
GIDCoin_(PreICO),0.293550013
GIF_by_SOCIFI,0.545580203
GIFcoin,0.630480452
Gift_Token,-1
Giftcoin,0.230909091
GIFTO,0.598843201
Giftz.io,-0.241860874
GIG9,0.559070158
Giga_Watt,-0.063705911
GigEcoin,-0.04739355
GigTricks,0.475208049
Gilgam,0.031715097
Gilgamesh_Platform,0.660422595
Gimli,0.612235349
Gimmer,0.682070044
GINEX,-0.056694808
Git_Money,-1
GivaCoin,-0.10547619
Gizer,0.449323552
GL_TOKEN,0.443216332
GladAge,0.723142937
Gladius,0.299509804
GLEDOS,0.357575758
GlitzKoin,0.364956376
Global_Finances,-0.116666667
Global_ICO_Fund,0.286513158
Global_Jobcoin,0.768529901
Global_Metrology_Project,-0.46
Global_Pay_Net,0.66808195
Global_RE_Bitcoin,-0.623701075
Global_REIT,0.627445608
Global_Shrimp_Coin,-0.211666667
Global_Spy,-1
GlobalCarService,0.570622697
Globatalent,0.103964463
Globatrix,0.495441296
Globcoin,0.614705254
GlobeCas_(PreICO),0.648648569
GlobeTrotter,0.506666667
GlobexSCI,0.302054342
Globitex,0.371428235
Globo,0.03851745
Glu,-0.21034624
Gluon,0.38717773
GLXCoin,-0.284386299
GN_Compass,-1
Gnome_Invasion,0.322368419
Gnosis,-0.315603514
GO_CUBO_LODGE_CLUB,-0.269246484
Goal_Bonanza,0.2625
GoChain,0.719987557
Godzillion,0.365647059
GOeureka,0.717361673
GoHelpFund,0.745
Gold_Bits_Coin,0.403050031
Gold_Byte_Coin,-1
Gold_Mine,-0.4
GoldBox.io,0.282609887
Goldea,-0.273333333
Golden_Currency_(PreICO),0.548571179
Golden_Fleece,0.609912366
Goldiam,0.594517681
Goldma,0.385538296
GoldMineCoin,-0.84
GoldMint,0.575790922
Golem,0.371756852
GoMineWorld,-0.28
GoneTrippin_(PreICO),0.613542328
Goods_Digital_Passport_(PreICO),-1
GOODWORK,0.12
GOToken,0.328140913
Govchain,0.753661787
GPCC__-_Global_Protected_Crypto_Copyright,0.562849049
GPN_COIN,-0.079092216
GRAFT_Blockchain,0.50781598
Grain.io,0.6375
Gramaton_Token,0.082577778
GramGold_Token,-0.240132642
Granite,0.520290362
Grapevine,0.693374442
GraphGrail_AI,-0.4
Gratuity,-1
Gratzio,0.599564779
Gravel_Coin,0.471437362
Graz,-0.296153846
GRE,-0.263205465
Green_List_Standard,0.472756146
Green_Power_Exchange,-1
Greeneum_Network_ICO,0.684384271
Greenish,0.572727273
GreenLink,0.639871459
GreenWorld_Farm,-0.056972513
GreenX,0.675339727
Grid_Plus,-0.05
GrocerCoin,0.633290303
GroceryX,-0.6
Gron_Digital,0.357564629
Grow_&_Mine,-0.2
GrowPayment,0.4
GSC_Aviation,0.586563715
Gturbo,0.25
Guardium,0.408078913
Guarium,0.571023655
GUIDE,0.4
GuideCTF,0.087874865
GUTS_Tickets,0.629995034
GXC,0.141927138
Gym_Rewards,0.699631285
H-Education_World_(PreICO),0.137341233
H2SOL,0.360779192
Habibicoin,0.654021125
Hacken,0.605181906
Hackspace,-0.033615955
Hada_DBank,0.591544174
Hade,-0.616
Hade_Pay,-1
HAI_Project,-0.35
Hala,0.731066971
Haladinar,0.676784994
Hamilton,-0.020833333
Hamster_Marketplace,0.24
Handelion,-1
HARA,0.499453799
Harbor,0.663808831
Harbour_DAO,0.595567021
Hash_Rush,0.140851872
Hashbon,0.266875
HashBux,0.257142857
HashCard,0.566599053
HashHive,-0.240600257
Hashtoken,-1
Havven,0.686139715
Hazeian,0.546666667
HDAC,-0.202119822
HDCoin,0.270620835
HealPoint,0.651557562
Health_FX,0.57324102
Health_Monitor,-0.076274391
Healthereum,-1
HealthHeart,-0.118787879
Healthureum,-0.11
Heardbeats,-1
HeartBout,0.378571429
Hearthy,0.4
Hedge,0.16
Hedge.pro,0.35
Hedge_Coin_Capital,-0.256203072
HedgeConnect,-1
HEdpAY,0.109226443
Helbiz,-0.212308614
Helios_Neural_Network_(PreICO),0.323772321
HeliosCoin,-1
Helix,0.498415181
Helix3,0.607387844
HELIX_Orange,0.712747824
HELIXHILLS_(PreICO),-1
Hellenium,0.022222222
HelloGold,0.649746365
Helveticoin,-1
Heptapolis_Humanitarian_Energy_Coin,0.068463098
Herby,-0.002183977
Herdius,0.1875
Hereda_Hashgraph,-0.197476837
Hero,0.362919565
Hero_Node,0.276923077
HeroesJourney,0.24
HEROIC.com_(PreICO),0.722618017
Hextracoin,-1
Hicky,0.352352669
HighCastle,0.35
HIGHER,0.4
HighSeek,0.185945594
HighVibe.Network,0.63772593
HiHealth,0.707694606
HiP,-1
HIPE,0.044845889
HireBits,-0.733333333
Hirefreehands,0.646909588
HireGo,-1
HireMatch,0.760404472
Hive_Power,0.654256759
Hive_Project,0.383956158
Hivemind,-1
Hiveway,0.4
Hiway,0.756983542
HOLD,0.571910178
Holdme,0.756738822
Holdvest,0.665694265
Holo,-0.2
HomeCoin,-1
Homelend,0.636851579
HomeMine,0.675027191
HomeToken,0.412500002
Homni,0.331111111
Honestis_Network,0.501020408
honeybee,-0.266666667
Honor,0.115811966
HOQU,0.442250672
Horizon_Communications,0.699563114
Horizon_State,0.4
HorseCoin,0.266666667
Horyou,0.412940147
Host.Games,0.436162426
HOSTCOIN,0.435714286
HotCoin,-1
HotEngine,0.303333333
HoToKeN,0.594427194
House_Coupon_Token,0.2
Howdoo,0.608780523
HPlus,0.345714286
HPQ,0.319643576
HTFx,-1
Hubezoo,0.381818182
Hubii_Network,0.717668482
Human_Discovery_Platform,-0.025295051
HumanAI,0.419504132
Humancoin_(PreICO),0.678129686
Humaniq,-0.185381731
Humanixr,0.485714286
Humanscape,0.528798266
Humbyl,0.044717945
Hungry_Panda_Games,-1
HUNT.BET,-0.258074859
Hupplat,0.337813169
Hurify,0.360846378
Hush,0.367345767
HUSSY,-1
Hut34_Project,-0.2
HUYUcoin,0.005070228
Hybrid_Betting,0.481813028
HybridBlock,0.508400042
HYCON,0.611789295
Hyde_and_Co,-1
HydroCoin,0.647147122
Hydrominer,0.406314828
Hyperbridge_(PreICO),0.528424482
Hyperion_Fund,0.661499662
HyperionX_(PreICO),0.749635741
HyperQuant,0.722899967
I'm_Aero,-0.123440049
i-chain,0.732772352
IAC_AutoUnit,-0.038408526
Iagon,0.64029211
IAME_Identity_(PreICO),0.718668505
IAMHERO,0.441523249
IAT,0.4
IBFS.world,-0.158673528
iBuildApp,0.556032664
IC3_Cubes,-1
iCasting.io,0.715944583
ICBCoin,-0.302959466
Ice_Rock_Mining,-0.053501486
IceBreakerAR_(PreICO),0.626930719
ICloudSec,0.173333333
ICO_Pass,0.521082852
IcoBasis,-0.4
ICOHeadStart,0.522375364
Icoico,-1
ICON,-0.296883583
Iconic_Ecosystem,0.675939421
Iconiq_Lab,0.286229889
Iconomi,0.46492554
ICOS,0.629661923
ICOStart,0.669534595
ICOVO,0.605333034
ICST,0.472990026
ICURY,0.48
idap.io,0.726674207
Idea_Jump,-0.132012987
IdealCoin,-0.611764706
IDGO_(PreICO),0.455705782
iDice,-1
IDM,0.243255664
IDMoney,0.401396427
IDTechnology,0.633333333
iEx.ec,-0.28
iFan,-1
Ignis,0.454545455
ignite_RATINGS,0.115789474
IGT,0.510509562
IHT_Coin,0.36532627
IIOTTEL,0.269201447
ILCOIN,-1
iLink2Music_(PreICO),0.710034292
IMDEX,-0.55
Imigize_(PreICO),0.667716969
IMMLA,0.182653723
ImmVRse,0.390727937
Impact_PPA,-0.193589618
Impak_Coin,-0.293666676
Imperium,-1
ImpetusOne,0.588203563
imusify,0.589725142
InBet,-0.307730442
Inbot_InToken,0.687277195
Incent,-1
Incodium,0.630261151
Incremint.io,0.256775184
INCX,0.683459571
indaHash,0.69147866
InDeep,0.386840804
Index_Coin,0.467582418
INDICOIN,0.634813339
Indigo_Racing,-0.52
Indorse,0.423937165
Infinitus_Token,0.685876988
Infliv_(PreICO),0.59514314
Inflr,0.481706735
InfraCoins,0.595112278
INGOT_COIN,0.628494746
injii,0.414545455
Ink_Labs_Foundation,-0.35737386
Ink_Protocol,0.510699349
InkChain,-1
INLOCK,0.427841731
Inmediate,0.4
Inmusik,0.716206096
Innovasis_Hotels,0.715447045
Innovative_Bioresearch,0.45
INS,0.4
INS_Ecosystem,-1
InsCoin_for_Knox_Project,0.597001302
Insights_Network,0.406083223
Inspeer,0.327885061
INSPEM,0.387623624
Instoken,0.302363636
InsurePal,0.625166117
Insureum,0.666312127
InsureX,-0.237969823
Integrative_Wallet_Token,0.232142857
Intellectual.Network,-0.275816993
Intelligent_Trading_Foundation,0.358172702
Intelligent_Trading_Technologies,-1
Intellium,-0.4
Intellos,-0.253333333
Interest_Coin,-0.925
International_Science_Hub_(PreICO),0.267129636
Internxt,-0.075441927
InterValue,-0.52794082
intimate,0.28413497
Intiva,0.735759071
Intrachain,0.620088936
INTRO,0.516695811
Invacio,-1
Invest_in_Brokers,0.669665708
Investa,0.391594303
investFeed,0.518668974
Investy,0.293333333
Invictus_Hyperion_Fund,0.700852756
Involve,0.325
Invox_Finance,0.577257869
iOlite,0.4
IoTeX,-0.06591349
IOTW,0.660499537
IOV_(PreICO),0.859363261
IP_Gold,0.571188659
IP_Sharing_Exchange,0.550954498
IPAY,-1
IPStock,0.661761956
IQeon,0.566373664
IQuant_Chain,-0.022101515
iRegMed,-0.145678454
Irene_Energy,0.635476992
iRespo,-0.15
IRIS,0.603933557
IronBlock,-0.189346137
Iryo,0.80021285
iShook,0.20001713
Island_Coin_Gold,-1
Istrium,0.46
ititaniumcoin,-0.133333333
ITO_Assendelft,-0.3
ITOB,0.398215606
iTrue,0.241176471
IUNGO,0.539934646
iVeryOne,-0.4
IViN,-0.03016303
ivmedia,-1
Ivyn,0.176603089
IXTUS,0.595970465
iZAC,-1
Izibits,0.36
iZiing,-0.166666667
IZX,0.593756695
Javvy_(PreICO),0.709451231
JBOXCOIN,0.52473628
JCASH,0.512838095
JCN_(PreICO),-1
JET8,0.622913697
Jibbit_(PreICO),0.667037028
Jibrel_Network,0.587705798
Jinbi,0.552420918
Jincor,0.416445765
JioCoin,-0.4
Jizzcoins,-1
jNet1,0.092901577
jobeum,0.742722569
JoinGrowth,-0.145055347
Joint_Ventures,0.475097308
JointEDU,-0.094369611
Jointly,0.4
JOLYY,0.349433093
JOYS,-0.16043771
JOYSO,0.38710941
JoyToken,0.416949589
JSEcoin,0.504761905
Jupiter_Project,0.708154221
JUR,0.422301283
Jury.Online,0.4
Just_Dating_Site,0.43310915
Just_Pay_Coin,-1
JustHive,-1
Justmake,-1
JWC_Ventures,0.592694449
Kaching,0.333333333